VFG000011	
VFG000011	
VFG000011	
VFG000011	
VFG000011	
VFG000011	
VFG000011	
VFG000011	
VFG000011	
VFG000011	
VFG000011	
VFG000011	
VFG000011	
VFG000011	
VFG000011	
VFG000011	
VFG000011	
VFG000011	
VFG000011	
VFG000011	
VFG000011	
VFG000011	
VFG000011	
VFG000011	
VFG000011	
VFG000011	
VFG000011	
VFG000011	
VFG000011	
VFG000011	
VFG000011	
VFG000011	
VFG000011	
VFG000011	
VFG000011	
VFG000011	
VFG000011	
VFG000011	
VFG000011	
VFG000011	
VFG000011	
VFG000011	
VFG000011	
VFG000011	
VFG000011	
VFG000011	
VFG000011	
VFG000011	
VFG000011	
VFG000011	
VFG000011	
VFG000011	
VFG000011	
VFG000011	
VFG000012	
VFG000012	
VFG000012	
VFG000012	
VFG000012	
VFG000012	
VFG000012	
VFG000012	
VFG000012	
VFG000012	
VFG000012	
VFG000012	
VFG000012	
VFG000012	
VFG000012	
VFG000012	
VFG000012	
VFG000012	
VFG000012	
VFG000012	
VFG000012	
VFG000012	
VFG000012	
VFG000012	
VFG000012	
VFG000012	
VFG000012	
VFG000012	
VFG000012	
VFG000012	
VFG000012	
VFG000012	
VFG000012	
VFG000012	
VFG000012	
VFG000012	
VFG000012	
VFG000012	
VFG000012	
VFG000012	
VFG000012	
VFG000012	
VFG000012	
VFG000012	
VFG000012	
VFG000012	
VFG000012	
VFG000012	
VFG000012	
VFG000012	
VFG000012	
VFG000012	
VFG000012	
VFG000012	
VFG000013	
VFG000013	
VFG000013	
VFG000013	
VFG000013	
VFG000013	
VFG000013	
VFG000013	
VFG000013	
VFG000013	
VFG000013	
VFG000013	
VFG000013	
VFG000013	
VFG000013	
VFG000013	
VFG000013	
VFG000013	
VFG000013	
VFG000013	
VFG000013	
VFG000013	
VFG000013	
VFG000013	
VFG000013	
VFG000013	
VFG000013	
VFG000013	
VFG000013	
VFG000013	
VFG000013	
VFG000013	
VFG000013	
VFG000013	
VFG000013	
VFG000013	
VFG000013	
VFG000013	
VFG000013	
VFG000013	
VFG000013	
VFG000013	
VFG000013	
VFG000013	
VFG000013	
VFG000013	
VFG000013	
VFG000013	
VFG000013	
VFG000013	
VFG000013	
VFG000013	
VFG000013	
VFG000013	
VFG000014	
VFG000014	
VFG000014	
VFG000014	
VFG000014	
VFG000014	
VFG000014	
VFG000014	
VFG000014	
VFG000014	
VFG000014	
VFG000014	
VFG000014	
VFG000014	
VFG000014	
VFG000014	
VFG000014	
VFG000014	
VFG000014	
VFG000014	
VFG000014	
VFG000014	
VFG000014	
VFG000014	
VFG000014	
VFG000014	
VFG000014	
VFG000014	
VFG000014	
VFG000014	
VFG000014	
VFG000014	
VFG000014	
VFG000014	
VFG000014	
VFG000014	
VFG000014	
VFG000014	
VFG000014	
VFG000014	
VFG000014	
VFG000014	
VFG000014	
VFG000014	
VFG000014	
VFG000014	
VFG000014	
VFG000014	
VFG000014	
VFG000014	
VFG000014	
VFG000014	
VFG000014	
VFG000014	
VFG000015	
VFG000015	
VFG000015	
VFG000015	
VFG000015	
VFG000015	
VFG000015	
VFG000015	
VFG000015	
VFG000015	
VFG000015	
VFG000015	
VFG000015	
VFG000015	
VFG000015	
VFG000015	
VFG000015	
VFG000015	
VFG000015	
VFG000015	
VFG000015	
VFG000015	
VFG000015	
VFG000015	
VFG000015	
VFG000015	
VFG000015	
VFG000015	
VFG000015	
VFG000015	
VFG000015	
VFG000015	
VFG000015	
VFG000015	
VFG000015	
VFG000015	
VFG000015	
VFG000015	
VFG000015	
VFG000015	
VFG000015	
VFG000015	
VFG000015	
VFG000015	
VFG000015	
VFG000015	
VFG000015	
VFG000015	
VFG000015	
VFG000015	
VFG000015	
VFG000015	
VFG000015	
VFG000015	
VFG000025	
VFG000025	
VFG000025	
VFG000025	
VFG000025	
VFG000025	
VFG000025	
VFG000025	
VFG000025	
VFG000025	
VFG000025	
VFG000025	
VFG000025	
VFG000025	
VFG000025	
VFG000025	
VFG000025	
VFG000025	
VFG000025	
VFG000025	
VFG000025	
VFG000025	
VFG000025	
VFG000025	
VFG000025	
VFG000025	
VFG000025	
VFG000025	
VFG000025	
VFG000025	
VFG000025	
VFG000025	
VFG000025	
VFG000025	
VFG000025	
VFG000025	
VFG000025	
VFG000025	
VFG000025	
VFG000025	
VFG000025	
VFG000025	
VFG000025	
VFG000025	
VFG000025	
VFG000025	
VFG000025	
VFG000025	
VFG000025	
VFG000025	
VFG000026	
VFG000026	
VFG000026	
VFG000026	
VFG000026	
VFG000026	
VFG000026	
VFG000026	
VFG000026	
VFG000026	
VFG000026	
VFG000026	
VFG000026	
VFG000026	
VFG000026	
VFG000026	
VFG000026	
VFG000026	
VFG000026	
VFG000026	
VFG000026	
VFG000026	
VFG000026	
VFG000026	
VFG000026	
VFG000026	
VFG000026	
VFG000026	
VFG000026	
VFG000026	
VFG000026	
VFG000026	
VFG000026	
VFG000026	
VFG000026	
VFG000026	
VFG000026	
VFG000026	
VFG000026	
VFG000026	
VFG000026	
VFG000026	
VFG000026	
VFG000026	
VFG000026	
VFG000026	
VFG000026	
VFG000026	
VFG000069	
VFG000069	
VFG000069	
VFG000069	
VFG000069	
VFG000069	
VFG000069	
VFG000069	
VFG000069	
VFG000069	
VFG000069	
VFG000069	
VFG000069	
VFG000069	
VFG000069	
VFG000069	
VFG000069	
VFG000069	
VFG000069	
VFG000069	
VFG000069	
VFG000069	
VFG000069	
VFG000069	
VFG000069	
VFG000069	
VFG000069	
VFG000069	
VFG000069	
VFG000069	
VFG000069	
VFG000073	
VFG000073	
VFG000073	
VFG000073	
VFG000073	
VFG000073	
VFG000073	
VFG000073	
VFG000073	
VFG000073	
VFG000073	
VFG000073	
VFG000073	
VFG000073	
VFG000073	
VFG000073	
VFG000073	
VFG000073	
VFG000073	
VFG000073	
VFG000073	
VFG000073	
VFG000073	
VFG000073	
VFG000073	
VFG000073	
VFG000073	
VFG000073	
VFG000073	
VFG000073	
VFG000074	
VFG000074	
VFG000074	
VFG000074	
VFG000074	
VFG000074	
VFG000074	
VFG000074	
VFG000074	
VFG000074	
VFG000074	
VFG000074	
VFG000074	
VFG000074	
VFG000074	
VFG000074	
VFG000074	
VFG000074	
VFG000074	
VFG000074	
VFG000074	
VFG000074	
VFG000074	
VFG000074	
VFG000074	
VFG000074	
VFG000074	
VFG000074	
VFG000074	
VFG000074	
VFG000074	
VFG000107	
VFG000107	
VFG000107	
VFG000107	
VFG000107	
VFG000107	
VFG000107	
VFG000107	
VFG000107	
VFG000107	
VFG000107	
VFG000107	
VFG000107	
VFG000107	
VFG000107	
VFG000107	
VFG000107	
VFG000107	
VFG000107	
VFG000107	
VFG000107	
VFG000107	
VFG000107	
VFG000107	
VFG000107	
VFG000107	
VFG000107	
VFG000107	
VFG000107	
VFG000107	
VFG000107	
VFG000107	
VFG000107	
VFG000107	
VFG000107	
VFG000107	
VFG000107	
VFG000107	
VFG000107	
VFG000107	
VFG000107	
VFG000107	
VFG000107	
VFG000107	
VFG000107	
VFG000107	
VFG000107	
VFG000107	
VFG000107	
VFG000107	
VFG000107	
VFG000107	
VFG000107	
VFG000107	
VFG000107	
VFG000107	
VFG000107	
VFG000107	
VFG000107	
VFG000107	
VFG000107	
VFG000107	
VFG000107	
VFG000107	
VFG000107	
VFG000107	
VFG000107	
VFG000107	
VFG000107	
VFG000107	
VFG000108	
VFG000108	
VFG000108	
VFG000108	
VFG000108	
VFG000108	
VFG000108	
VFG000108	
VFG000108	
VFG000108	
VFG000108	
VFG000108	
VFG000108	
VFG000108	
VFG000108	
VFG000108	
VFG000108	
VFG000108	
VFG000108	
VFG000108	
VFG000108	
VFG000108	
VFG000108	
VFG000108	
VFG000108	
VFG000108	
VFG000108	
VFG000108	
VFG000108	
VFG000108	
VFG000108	
VFG000108	
VFG000108	
VFG000108	
VFG000108	
VFG000108	
VFG000108	
VFG000108	
VFG000108	
VFG000108	
VFG000108	
VFG000108	
VFG000108	
VFG000108	
VFG000108	
VFG000108	
VFG000108	
VFG000108	
VFG000108	
VFG000108	
VFG000108	
VFG000108	
VFG000108	
VFG000108	
VFG000108	
VFG000108	
VFG000108	
VFG000108	
VFG000108	
VFG000108	
VFG000108	
VFG000108	
VFG000108	
VFG000108	
VFG000108	
VFG000108	
VFG000108	
VFG000108	
VFG000109	
VFG000109	
VFG000109	
VFG000109	
VFG000109	
VFG000109	
VFG000109	
VFG000109	
VFG000109	
VFG000109	
VFG000109	
VFG000109	
VFG000109	
VFG000109	
VFG000109	
VFG000109	
VFG000109	
VFG000109	
VFG000109	
VFG000109	
VFG000109	
VFG000109	
VFG000109	
VFG000109	
VFG000109	
VFG000109	
VFG000109	
VFG000109	
VFG000109	
VFG000109	
VFG000109	
VFG000109	
VFG000109	
VFG000109	
VFG000109	
VFG000109	
VFG000109	
VFG000109	
VFG000109	
VFG000109	
VFG000109	
VFG000109	
VFG000109	
VFG000109	
VFG000109	
VFG000109	
VFG000109	
VFG000109	
VFG000109	
VFG000109	
VFG000109	
VFG000109	
VFG000109	
VFG000109	
VFG000109	
VFG000109	
VFG000109	
VFG000109	
VFG000109	
VFG000109	
VFG000109	
VFG000109	
VFG000109	
VFG000109	
VFG000109	
VFG000109	
VFG000109	
VFG000109	
VFG000109	
VFG000109	
VFG000109	
VFG000109	
VFG000110	
VFG000110	
VFG000110	
VFG000110	
VFG000110	
VFG000110	
VFG000110	
VFG000110	
VFG000110	
VFG000110	
VFG000110	
VFG000110	
VFG000110	
VFG000110	
VFG000110	
VFG000110	
VFG000110	
VFG000110	
VFG000110	
VFG000110	
VFG000110	
VFG000110	
VFG000110	
VFG000110	
VFG000110	
VFG000110	
VFG000110	
VFG000110	
VFG000110	
VFG000110	
VFG000110	
VFG000110	
VFG000110	
VFG000110	
VFG000110	
VFG000110	
VFG000110	
VFG000110	
VFG000110	
VFG000110	
VFG000110	
VFG000110	
VFG000110	
VFG000110	
VFG000110	
VFG000110	
VFG000110	
VFG000110	
VFG000110	
VFG000110	
VFG000110	
VFG000110	
VFG000110	
VFG000110	
VFG000110	
VFG000110	
VFG000110	
VFG000110	
VFG000110	
VFG000110	
VFG000110	
VFG000110	
VFG000110	
VFG000110	
VFG000110	
VFG000110	
VFG000110	
VFG000110	
VFG000110	
VFG000110	
VFG000110	
VFG000110	
VFG000110	
VFG000115	
VFG000115	
VFG000115	
VFG000115	
VFG000115	
VFG000115	
VFG000115	
VFG000115	
VFG000115	
VFG000115	
VFG000115	
VFG000115	
VFG000115	
VFG000115	
VFG000115	
VFG000115	
VFG000115	
VFG000115	
VFG000115	
VFG000115	
VFG000115	
VFG000115	
VFG000115	
VFG000115	
VFG000115	
VFG000115	
VFG000115	
VFG000115	
VFG000115	
VFG000115	
VFG000157	
VFG000157	
VFG000157	
VFG000157	
VFG000157	
VFG000157	
VFG000157	
VFG000157	
VFG000157	
VFG000157	
VFG000157	
VFG000157	
VFG000157	
VFG000157	
VFG000157	
VFG000157	
VFG000157	
VFG000157	
VFG000157	
VFG000157	
VFG000157	
VFG000157	
VFG000157	
VFG000157	
VFG000157	
VFG000157	
VFG000157	
VFG000157	
VFG000157	
VFG000157	
VFG000157	
VFG000157	
VFG000158	
VFG000158	
VFG000158	
VFG000158	
VFG000158	
VFG000158	
VFG000158	
VFG000158	
VFG000158	
VFG000158	
VFG000158	
VFG000158	
VFG000158	
VFG000158	
VFG000158	
VFG000158	
VFG000158	
VFG000158	
VFG000158	
VFG000158	
VFG000158	
VFG000158	
VFG000158	
VFG000158	
VFG000158	
VFG000158	
VFG000158	
VFG000158	
VFG000158	
VFG000158	
VFG000158	
VFG000158	
VFG000158	
VFG000158	
VFG000158	
VFG000158	
VFG000158	
VFG000158	
VFG000158	
VFG000158	
VFG000158	
VFG000158	
VFG000158	
VFG000158	
VFG000158	
VFG000158	
VFG000158	
VFG000158	
VFG000158	
VFG000158	
VFG000158	
VFG000158	
VFG000279	
VFG000279	
VFG000279	
VFG000279	
VFG000279	
VFG000279	
VFG000279	
VFG000279	
VFG000279	
VFG000279	
VFG000279	
VFG000279	
VFG000279	
VFG000279	
VFG000422	
VFG000422	
VFG000422	
VFG000422	
VFG000422	
VFG000422	
VFG000422	
VFG000422	
VFG000439	
VFG000439	
VFG000439	
VFG000439	
VFG000439	
VFG000439	
VFG000439	
VFG000439	
VFG000636	
VFG000636	
VFG000636	
VFG000636	
VFG000636	
VFG000636	
VFG000636	
VFG000636	
VFG000636	
VFG000636	
VFG000636	
VFG000636	
VFG000636	
VFG000636	
VFG000636	
VFG000636	
VFG000636	
VFG000636	
VFG000636	
VFG000636	
VFG000636	
VFG000636	
VFG000637	
VFG000637	
VFG000637	
VFG000637	
VFG000637	
VFG000637	
VFG000637	
VFG000637	
VFG000637	
VFG000637	
VFG000637	
VFG000637	
VFG000637	
VFG000637	
VFG000637	
VFG000637	
VFG000637	
VFG000637	
VFG000637	
VFG000676	
VFG000676	
VFG000676	
VFG000676	
VFG000676	
VFG000676	
VFG000676	
VFG000676	
VFG000676	
VFG000676	
VFG000676	
VFG000676	
VFG000676	
VFG000677	
VFG000677	
VFG000677	
VFG000677	
VFG000677	
VFG000677	
VFG000677	
VFG000677	
VFG000677	
VFG000677	
VFG000677	
VFG000677	
VFG000677	
VFG000677	
VFG000678	
VFG000678	
VFG000678	
VFG000678	
VFG000678	
VFG000678	
VFG000678	
VFG000678	
VFG000678	
VFG000678	
VFG000678	
VFG000678	
VFG000678	
VFG000835	
VFG000835	
VFG000835	
VFG000835	
VFG000835	
VFG000835	
VFG000835	
VFG000835	
VFG000835	
VFG000835	
VFG000835	
VFG000835	
VFG000835	
VFG000835	
VFG000835	
VFG000835	
VFG000835	
VFG000835	
VFG000836	
VFG000836	
VFG000836	
VFG000836	
VFG000836	
VFG000836	
VFG000836	
VFG000836	
VFG000836	
VFG000836	
VFG000836	
VFG000836	
VFG000836	
VFG000836	
VFG000836	
VFG000836	
VFG000836	
VFG000837	
VFG000837	
VFG000837	
VFG000837	
VFG000837	
VFG000837	
VFG000837	
VFG000837	
VFG000837	
VFG000837	
VFG000837	
VFG000837	
VFG000837	
VFG000837	
VFG000837	
VFG000837	
VFG000837	
VFG000837	
VFG000837	
VFG000837	
VFG000837	
VFG000838	
VFG000838	
VFG000838	
VFG000838	
VFG000838	
VFG000838	
VFG000838	
VFG000838	
VFG000838	
VFG000838	
VFG000838	
VFG000838	
VFG000838	
VFG000838	
VFG000838	
VFG000838	
VFG000838	
VFG000838	
VFG000838	
VFG000838	
VFG000838	
VFG000838	
VFG000840	
VFG000840	
VFG000840	
VFG000840	
VFG000840	
VFG000840	
VFG000840	
VFG000840	
VFG000840	
VFG000840	
VFG000840	
VFG000840	
VFG000840	
VFG000840	
VFG000840	
VFG000840	
VFG000840	
VFG000840	
VFG000840	
VFG000840	
VFG000840	
VFG000840	
VFG000840	
VFG000840	
VFG000840	
VFG000840	
VFG000840	
VFG000840	
VFG000841	
VFG000841	
VFG000841	
VFG000841	
VFG000841	
VFG000841	
VFG000841	
VFG000841	
VFG000841	
VFG000841	
VFG000841	
VFG000841	
VFG000841	
VFG000841	
VFG000841	
VFG000841	
VFG000841	
VFG000841	
VFG000841	
VFG000841	
VFG000841	
VFG000841	
VFG000841	
VFG000841	
VFG000841	
VFG000842	
VFG000842	
VFG000842	
VFG000842	
VFG000842	
VFG000842	
VFG000842	
VFG000842	
VFG000842	
VFG000842	
VFG000842	
VFG000842	
VFG000842	
VFG000842	
VFG000842	
VFG000842	
VFG000842	
VFG000842	
VFG000842	
VFG000842	
VFG000842	
VFG000842	
VFG000842	
VFG000842	
VFG000842	
VFG000842	
VFG000842	
VFG000842	
VFG000843	
VFG000843	
VFG000843	
VFG000843	
VFG000843	
VFG000843	
VFG000843	
VFG000843	
VFG000843	
VFG000843	
VFG000843	
VFG000843	
VFG000843	
VFG000843	
VFG000843	
VFG000843	
VFG000843	
VFG000843	
VFG000843	
VFG000843	
VFG000843	
VFG000843	
VFG000843	
VFG000843	
VFG000843	
VFG000859	
VFG000859	
VFG000859	
VFG000859	
VFG000859	
VFG000859	
VFG000859	
VFG000859	
VFG000859	
VFG000859	
VFG000859	
VFG000859	
VFG000859	
VFG000859	
VFG000859	
VFG000859	
VFG000859	
VFG000859	
VFG000859	
VFG000860	
VFG000860	
VFG000860	
VFG000860	
VFG000860	
VFG000860	
VFG000860	
VFG000860	
VFG000860	
VFG000860	
VFG000860	
VFG000860	
VFG000860	
VFG000860	
VFG000860	
VFG000860	
VFG000860	
VFG000860	
VFG000860	
VFG000860	
VFG000860	
VFG000860	
VFG000863	
VFG000863	
VFG000863	
VFG000863	
VFG000863	
VFG000863	
VFG000863	
VFG000863	
VFG000863	
VFG000863	
VFG000863	
VFG000863	
VFG000863	
VFG000863	
VFG000863	
VFG000863	
VFG000863	
VFG000863	
VFG000863	
VFG000863	
VFG000863	
VFG000863	
VFG000863	
VFG000863	
VFG000863	
VFG000863	
VFG000863	
VFG000863	
VFG000863	
VFG000905	
VFG000905	
VFG000905	
VFG000905	
VFG000905	
VFG000905	
VFG000905	
VFG000905	
VFG000905	
VFG000905	
VFG000905	
VFG000905	
VFG000905	
VFG000905	
VFG000905	
VFG000905	
VFG000905	
VFG000905	
VFG000905	
VFG000905	
VFG000905	
VFG000905	
VFG000905	
VFG000905	
VFG000905	
VFG000905	
VFG000905	
VFG000905	
VFG000905	
VFG000905	
VFG000905	
VFG000905	
VFG000905	
VFG000905	
VFG000905	
VFG000905	
VFG000905	
VFG000905	
VFG000905	
VFG000905	
VFG000905	
VFG000905	
VFG000905	
VFG000906	
VFG000906	
VFG000906	
VFG000906	
VFG000906	
VFG000906	
VFG000906	
VFG000906	
VFG000906	
VFG000906	
VFG000906	
VFG000906	
VFG000906	
VFG000906	
VFG000906	
VFG000906	
VFG000906	
VFG000906	
VFG000906	
VFG000906	
VFG000906	
VFG000906	
VFG000906	
VFG000906	
VFG000906	
VFG000906	
VFG000906	
VFG000906	
VFG000906	
VFG000906	
VFG000906	
VFG000906	
VFG000906	
VFG000906	
VFG000906	
VFG000906	
VFG000906	
VFG000906	
VFG000906	
VFG000906	
VFG000906	
VFG000906	
VFG000906	
VFG000906	
VFG000907	
VFG000907	
VFG000907	
VFG000907	
VFG000907	
VFG000907	
VFG000907	
VFG000907	
VFG000907	
VFG000907	
VFG000907	
VFG000907	
VFG000907	
VFG000907	
VFG000907	
VFG000907	
VFG000907	
VFG000907	
VFG000907	
VFG000907	
VFG000907	
VFG000907	
VFG000907	
VFG000907	
VFG000907	
VFG000907	
VFG000907	
VFG000907	
VFG000907	
VFG000907	
VFG000907	
VFG000907	
VFG000907	
VFG000907	
VFG000907	
VFG000907	
VFG000907	
VFG000907	
VFG000907	
VFG000907	
VFG000907	
VFG000907	
VFG000907	
VFG000907	
VFG000908	
VFG000908	
VFG000908	
VFG000908	
VFG000908	
VFG000908	
VFG000908	
VFG000908	
VFG000908	
VFG000908	
VFG000908	
VFG000908	
VFG000908	
VFG000908	
VFG000908	
VFG000908	
VFG000908	
VFG000908	
VFG000908	
VFG000908	
VFG000908	
VFG000908	
VFG000908	
VFG000908	
VFG000908	
VFG000908	
VFG000908	
VFG000908	
VFG000908	
VFG000908	
VFG000908	
VFG000908	
VFG000908	
VFG000908	
VFG000908	
VFG000908	
VFG000908	
VFG000908	
VFG000908	
VFG000908	
VFG000908	
VFG000908	
VFG000908	
VFG000908	
VFG000952	
VFG000952	
VFG000952	
VFG000952	
VFG000952	
VFG000976	
VFG000976	
VFG000976	
VFG000976	
VFG000976	
VFG000976	
VFG000976	
VFG000976	
VFG000976	
VFG000976	
VFG000976	
VFG000976	
VFG000976	
VFG000976	
VFG000976	
VFG000976	
VFG000976	
VFG000976	
VFG000976	
VFG000976	
VFG000976	
VFG000976	
VFG000976	
VFG000976	
VFG000976	
VFG000976	
VFG000976	
VFG000977	
VFG000977	
VFG000977	
VFG000977	
VFG000977	
VFG000977	
VFG000977	
VFG000977	
VFG000977	
VFG000977	
VFG000977	
VFG000977	
VFG000977	
VFG000977	
VFG000977	
VFG000977	
VFG000977	
VFG000977	
VFG000977	
VFG000977	
VFG000977	
VFG000977	
VFG000977	
VFG000977	
VFG000977	
VFG000977	
VFG000978	
VFG000979	
VFG000979	
VFG000979	
VFG000979	
VFG000979	
VFG000979	
VFG000979	
VFG000979	
VFG000979	
VFG000979	
VFG000979	
VFG000979	
VFG000979	
VFG000979	
VFG000979	
VFG000979	
VFG000979	
VFG000979	
VFG000979	
VFG000979	
VFG000979	
VFG000979	
VFG000979	
VFG000980	
VFG000980	
VFG000980	
VFG000980	
VFG000980	
VFG000980	
VFG000980	
VFG000981	
VFG000981	
VFG000981	
VFG000981	
VFG000981	
VFG000981	
VFG000981	
VFG000981	
VFG000982	
VFG000982	
VFG000982	
VFG000982	
VFG000982	
VFG000983	
VFG000983	
VFG000983	
VFG000983	
VFG000983	
VFG000983	
VFG000983	
VFG000983	
VFG000983	
VFG000983	
VFG000983	
VFG000983	
VFG000983	
VFG000983	
VFG000983	
VFG000983	
VFG000983	
VFG000983	
VFG000983	
VFG000983	
VFG000983	
VFG000983	
VFG000983	
VFG000983	
VFG000983	
VFG000983	
VFG000983	
VFG000983	
VFG000983	
VFG000983	
VFG000983	
VFG000983	
VFG000983	
VFG000983	
VFG000983	
VFG000983	
VFG000983	
VFG000983	
VFG000983	
VFG000983	
VFG000983	
VFG000983	
VFG000983	
VFG000983	
VFG000983	
VFG000983	
VFG000983	
VFG000983	
VFG000983	
VFG000983	
VFG000983	
VFG000983	
VFG000983	
VFG000983	
VFG000983	
VFG000983	
VFG000983	
VFG000983	
VFG000983	
VFG000983	
VFG000983	
VFG000983	
VFG000983	
VFG000983	
VFG000983	
VFG000983	
VFG000983	
VFG000983	
VFG001269	
VFG001269	
VFG001269	
VFG001269	
VFG001269	
VFG001269	
VFG001269	
VFG001269	
VFG001269	
VFG001269	
VFG001269	
VFG001269	
VFG001269	
VFG001269	
VFG001269	
VFG001269	
VFG001269	
VFG001269	
VFG001269	
VFG001269	
VFG001269	
VFG001269	
VFG001269	
VFG001269	
VFG001269	
VFG001269	
VFG001269	
VFG001269	
VFG001269	
VFG001269	
VFG001269	
VFG001269	
VFG001269	
VFG001269	
VFG001269	
VFG001269	
VFG001269	
VFG001269	
VFG001269	
VFG001269	
VFG001269	
VFG001269	
VFG001269	
VFG001269	
VFG001269	
VFG001269	
VFG001269	
VFG001269	
VFG001269	
VFG001269	
VFG001269	
VFG001270	
VFG001270	
VFG001270	
VFG001270	
VFG001270	
VFG001270	
VFG001270	
VFG001270	
VFG001270	
VFG001270	
VFG001270	
VFG001270	
VFG001270	
VFG001270	
VFG001270	
VFG001270	
VFG001270	
VFG001270	
VFG001270	
VFG001270	
VFG001270	
VFG001270	
VFG001270	
VFG001270	
VFG001270	
VFG001270	
VFG001270	
VFG001270	
VFG001270	
VFG001270	
VFG001270	
VFG001270	
VFG001270	
VFG001270	
VFG001270	
VFG001270	
VFG001270	
VFG001270	
VFG001270	
VFG001270	
VFG001270	
VFG001270	
VFG001270	
VFG001270	
VFG001270	
VFG001270	
VFG001270	
VFG001270	
VFG001270	
VFG001270	
VFG001270	
VFG001270	
VFG001271	
VFG001271	
VFG001271	
VFG001271	
VFG001271	
VFG001271	
VFG001271	
VFG001271	
VFG001271	
VFG001271	
VFG001271	
VFG001271	
VFG001271	
VFG001271	
VFG001271	
VFG001271	
VFG001271	
VFG001271	
VFG001271	
VFG001271	
VFG001271	
VFG001271	
VFG001271	
VFG001271	
VFG001271	
VFG001271	
VFG001271	
VFG001271	
VFG001271	
VFG001271	
VFG001271	
VFG001271	
VFG001271	
VFG001271	
VFG001271	
VFG001271	
VFG001271	
VFG001271	
VFG001271	
VFG001271	
VFG001271	
VFG001271	
VFG001271	
VFG001271	
VFG001271	
VFG001271	
VFG001271	
VFG001271	
VFG001271	
VFG001271	
VFG001271	
VFG001271	
VFG001273	
VFG001273	
VFG001273	
VFG001273	
VFG001273	
VFG001273	
VFG001273	
VFG001273	
VFG001273	
VFG001273	
VFG001273	
VFG001273	
VFG001273	
VFG001273	
VFG001273	
VFG001273	
VFG001273	
VFG001273	
VFG001273	
VFG001273	
VFG001273	
VFG001273	
VFG001273	
VFG001273	
VFG001273	
VFG001274	
VFG001274	
VFG001274	
VFG001274	
VFG001274	
VFG001274	
VFG001274	
VFG001274	
VFG001274	
VFG001274	
VFG001274	
VFG001274	
VFG001274	
VFG001274	
VFG001274	
VFG001274	
VFG001274	
VFG001274	
VFG001274	
VFG001274	
VFG001274	
VFG001274	
VFG001274	
VFG001274	
VFG001274	
VFG001275	
VFG001275	
VFG001275	
VFG001275	
VFG001275	
VFG001275	
VFG001275	
VFG001275	
VFG001275	
VFG001275	
VFG001275	
VFG001275	
VFG001275	
VFG001275	
VFG001275	
VFG001275	
VFG001275	
VFG001275	
VFG001275	
VFG001275	
VFG001275	
VFG001275	
VFG001275	
VFG001275	
VFG001275	
VFG001276	
VFG001276	
VFG001276	
VFG001276	
VFG001276	
VFG001276	
VFG001276	
VFG001277	
VFG001277	
VFG001277	
VFG001277	
VFG001277	
VFG001277	
VFG001277	
VFG001292	
VFG001292	
VFG001292	
VFG001292	
VFG001292	
VFG001292	
VFG001292	
VFG001292	
VFG001292	
VFG001292	
VFG001292	
VFG001292	
VFG001292	
VFG001292	
VFG001292	
VFG001292	
VFG001292	
VFG001292	
VFG001292	
VFG001292	
VFG001292	
VFG001292	
VFG001292	
VFG001292	
VFG001292	
VFG001292	
VFG001292	
VFG001292	
VFG001292	
VFG001292	
VFG001292	
VFG001292	
VFG001292	
VFG001292	
VFG001292	
VFG001292	
VFG001293	
VFG001293	
VFG001293	
VFG001293	
VFG001293	
VFG001293	
VFG001293	
VFG001293	
VFG001293	
VFG001293	
VFG001293	
VFG001293	
VFG001293	
VFG001293	
VFG001313	
VFG001313	
VFG001313	
VFG001313	
VFG001313	
VFG001313	
VFG001313	
VFG001313	
VFG001313	
VFG001313	
VFG001313	
VFG001313	
VFG001313	
VFG001313	
VFG001313	
VFG001313	
VFG001313	
VFG001313	
VFG001313	
VFG001313	
VFG001313	
VFG001313	
VFG001313	
VFG001313	
VFG001325	
VFG001325	
VFG001325	
VFG001325	
VFG001326	
VFG001326	
VFG001326	
VFG001327	
VFG001327	
VFG001327	
VFG001363	
VFG001363	
VFG001363	
VFG001363	
VFG001363	
VFG001363	
VFG001363	
VFG001363	
VFG001363	
VFG001363	
VFG001363	
VFG001363	
VFG001363	
VFG001363	
VFG001363	
VFG001363	
VFG001363	
VFG001363	
VFG001363	
VFG001363	
VFG001363	
VFG001363	
VFG001400	
VFG001400	
VFG001400	
VFG001400	
VFG001400	
VFG001400	
VFG001400	
VFG001400	
VFG001400	
VFG001400	
VFG001400	
VFG001400	
VFG001400	
VFG001400	
VFG001400	
VFG001400	
VFG001400	
VFG001400	
VFG001400	
VFG001400	
VFG001400	
VFG001400	
VFG001401	
VFG001401	
VFG001401	
VFG001401	
VFG001401	
VFG001401	
VFG001401	
VFG001401	
VFG001401	
VFG001401	
VFG001401	
VFG001401	
VFG001401	
VFG001401	
VFG001401	
VFG001401	
VFG001401	
VFG001401	
VFG001401	
VFG001401	
VFG001401	
VFG001401	
VFG001402	
VFG001402	
VFG001402	
VFG001402	
VFG001402	
VFG001402	
VFG001402	
VFG001402	
VFG001402	
VFG001402	
VFG001402	
VFG001402	
VFG001402	
VFG001402	
VFG001402	
VFG001402	
VFG001402	
VFG001402	
VFG001402	
VFG001402	
VFG001402	
VFG001447	
VFG001447	
VFG001447	
VFG001447	
VFG001447	
VFG001447	
VFG001447	
VFG001447	
VFG001447	
VFG001447	
VFG001447	
VFG001447	
VFG001447	
VFG001447	
VFG001447	
VFG001447	
VFG001447	
VFG001447	
VFG001447	
VFG001447	
VFG001447	
VFG001447	
VFG001447	
VFG001447	
VFG001447	
VFG001447	
VFG001447	
VFG001447	
VFG001447	
VFG001447	
VFG001447	
VFG001447	
VFG001447	
VFG001447	
VFG001798	
VFG001798	
VFG001798	
VFG001798	
VFG001798	
VFG001798	
VFG001798	
VFG001798	
VFG001798	
VFG001798	
VFG001798	
VFG001798	
VFG001798	
VFG001798	
VFG001798	
VFG001798	
VFG001798	
VFG001798	
VFG001798	
VFG001798	
VFG001798	
VFG001798	
VFG001798	
VFG001798	
VFG001803	
VFG001803	
VFG001803	
VFG001803	
VFG001809	
VFG001809	
VFG001809	
VFG001809	
VFG001809	
VFG001809	
VFG001809	
VFG001809	
VFG001809	
VFG001809	
VFG001809	
VFG001809	
VFG001809	
VFG001809	
VFG001809	
VFG001809	
VFG001809	
VFG001809	
VFG001809	
VFG001809	
VFG001809	
VFG001827	
VFG001827	
VFG001827	
VFG001827	
VFG001827	
VFG001827	
VFG001827	
VFG001827	
VFG001827	
VFG001827	
VFG001827	
VFG001827	
VFG001827	
VFG001827	
VFG001827	
VFG001827	
VFG001827	
VFG001827	
VFG001827	
VFG001827	
VFG001827	
VFG001827	
VFG001827	
VFG001828	
VFG001828	
VFG001828	
VFG001828	
VFG001828	
VFG001828	
VFG001828	
VFG001828	
VFG001828	
VFG001828	
VFG001828	
VFG001828	
VFG001828	
VFG001828	
VFG001828	
VFG001828	
VFG001828	
VFG001828	
VFG001829	
VFG001829	
VFG001829	
VFG001829	
VFG001829	
VFG001829	
VFG001829	
VFG001829	
VFG001829	
VFG001829	
VFG001829	
VFG001829	
VFG001829	
VFG001829	
VFG001829	
VFG001829	
VFG001829	
VFG001932	
VFG001932	
VFG001932	
VFG001932	
VFG001932	
VFG001932	
VFG001932	
VFG001932	
VFG001932	
VFG001932	
VFG001932	
VFG001932	
VFG001932	
VFG001932	
VFG001932	
VFG001932	
VFG001932	
VFG001932	
VFG001932	
VFG001932	
VFG001932	
VFG001933	
VFG001933	
VFG001933	
VFG001933	
VFG001933	
VFG001933	
VFG001933	
VFG001933	
VFG001933	
VFG001933	
VFG001933	
VFG001933	
VFG001933	
VFG001933	
VFG001933	
VFG001933	
VFG001933	
VFG001933	
VFG001933	
VFG001933	
VFG001933	
VFG001934	
VFG001934	
VFG001934	
VFG001934	
VFG001934	
VFG001934	
VFG001934	
VFG001934	
VFG001934	
VFG001934	
VFG001934	
VFG001934	
VFG001934	
VFG001934	
VFG001934	
VFG001934	
VFG001934	
VFG001934	
VFG001934	
VFG001934	
VFG002039	
VFG002039	
VFG002039	
VFG002039	
VFG002039	
VFG002155	
VFG002155	
VFG002155	
VFG002155	
VFG002155	
VFG002155	
VFG002175	
VFG002175	
VFG002175	
VFG002175	
VFG002175	
VFG002175	
VFG002175	
VFG002175	
VFG002175	
VFG002175	
VFG002175	
VFG002175	
VFG002175	
VFG002175	
VFG002175	
VFG002175	
VFG002175	
VFG002175	
VFG002175	
VFG002175	
VFG002175	
VFG002176	
VFG002176	
VFG002176	
VFG002176	
VFG002176	
VFG002176	
VFG002176	
VFG002176	
VFG002176	
VFG002176	
VFG002176	
VFG002176	
VFG002176	
VFG002176	
VFG002176	
VFG002176	
VFG002176	
VFG002176	
VFG002176	
VFG002176	
VFG002176	
VFG002177	
VFG002177	
VFG002177	
VFG002177	
VFG002177	
VFG002177	
VFG002177	
VFG002177	
VFG002177	
VFG002177	
VFG002177	
VFG002177	
VFG002177	
VFG002177	
VFG002177	
VFG002177	
VFG002177	
VFG002177	
VFG002177	
VFG002177	
VFG002177	
VFG002178	
VFG002178	
VFG002178	
VFG002178	
VFG002178	
VFG002178	
VFG002178	
VFG002178	
VFG002178	
VFG002178	
VFG002178	
VFG002178	
VFG002178	
VFG002178	
VFG002178	
VFG002178	
VFG002178	
VFG002178	
VFG002178	
VFG002198	
VFG002198	
VFG002198	
VFG002198	
VFG002198	
VFG002198	
VFG002198	
VFG002198	
VFG002198	
VFG002198	
VFG002198	
VFG002198	
VFG002198	
VFG002198	
VFG002198	
VFG002198	
VFG002198	
VFG002198	
VFG002274	
VFG002274	
VFG002274	
VFG002274	
VFG002274	
VFG002274	
VFG002274	
VFG002274	
VFG002274	
VFG002274	
VFG002274	
VFG002274	
VFG002274	
VFG002274	
VFG002274	
VFG002274	
VFG002274	
VFG002274	
VFG002274	
VFG002274	
VFG002274	
VFG002274	
VFG002274	
VFG002274	
VFG002274	
VFG002275	
VFG002275	
VFG002275	
VFG002275	
VFG002275	
VFG002275	
VFG002275	
VFG002275	
VFG002275	
VFG002275	
VFG002275	
VFG002275	
VFG002275	
VFG002275	
VFG002275	
VFG002275	
VFG002275	
VFG002275	
VFG002275	
VFG002275	
VFG002275	
VFG002275	
VFG002275	
VFG002286	
VFG002286	
VFG002286	
VFG002287	
VFG002287	
VFG002287	
VFG002287	
VFG002287	
VFG002287	
VFG002287	
VFG002287	
VFG002287	
VFG002287	
VFG002287	
VFG002287	
VFG002287	
VFG002287	
VFG002287	
VFG002287	
VFG002287	
VFG002287	
VFG002287	
VFG002287	
VFG002287	
VFG002287	
VFG002287	
VFG002287	
VFG002287	
VFG002287	
VFG002287	
VFG002287	
VFG002287	
VFG002287	
VFG002287	
VFG002287	
VFG002287	
VFG002287	
VFG002287	
VFG002287	
VFG002288	
VFG002288	
VFG002288	
VFG002288	
VFG002288	
VFG002288	
VFG002288	
VFG002288	
VFG002288	
VFG002288	
VFG002288	
VFG002288	
VFG002288	
VFG002288	
VFG002288	
VFG002288	
VFG002288	
VFG002288	
VFG002288	
VFG002288	
VFG002288	
VFG002288	
VFG002288	
VFG002288	
VFG002288	
VFG002288	
VFG002288	
VFG002288	
VFG002288	
VFG002288	
VFG002288	
VFG002288	
VFG002288	
VFG002288	
VFG002288	
VFG002288	
VFG002288	
VFG002288	
VFG002288	
VFG002288	
VFG002288	
VFG002288	
VFG002288	
VFG002289	
VFG002290	
VFG002291	
VFG002292	
VFG002292	
VFG002293	
VFG002293	
VFG002300	
VFG003624	
VFG003624	
VFG003624	
VFG003624	
VFG003624	
VFG003624	
VFG003624	
VFG003624	
VFG003624	
VFG003624	
VFG003624	
VFG003624	
VFG003624	
VFG004903	
VFG004903	
VFG004903	
VFG004903	
VFG004903	
VFG004903	
VFG004903	
VFG004903	
VFG004903	
VFG004903	
VFG004906	
VFG004909	
VFG004909	
VFG004909	
VFG004909	
VFG004909	
VFG004909	
VFG004909	
VFG004909	
VFG004909	
VFG004909	
VFG004909	
VFG004912	
VFG004912	
VFG004912	
VFG004912	
VFG004912	
VFG004912	
VFG004912	
VFG004912	
VFG004912	
VFG004912	
VFG004912	
VFG004912	
VFG004912	
VFG004912	
VFG004912	
VFG004912	
VFG004915	
VFG004920	
VFG004920	
VFG004920	
VFG004920	
VFG004920	
VFG004920	
VFG004920	
VFG004920	
VFG004920	
VFG004920	
VFG004920	
VFG004920	
VFG004920	
VFG004920	
VFG004920	
VFG004920	
VFG004922	
VFG004922	
VFG004922	
VFG004922	
VFG004922	
VFG004922	
VFG004922	
VFG004922	
VFG004922	
VFG004922	
VFG004925	
VFG004925	
VFG004925	
VFG004925	
VFG004925	
VFG004925	
VFG004925	
VFG004925	
VFG004925	
VFG004925	
VFG004925	
VFG004925	
VFG004925	
VFG004925	
VFG004928	
VFG004928	
VFG004928	
VFG004928	
VFG004928	
VFG004928	
VFG004928	
VFG004928	
VFG004928	
VFG004928	
VFG004928	
VFG004928	
VFG004928	
VFG004928	
VFG004928	
VFG004928	
VFG004931	
VFG004931	
VFG004931	
VFG004931	
VFG004931	
VFG004931	
VFG004931	
VFG004931	
VFG004931	
VFG004931	
VFG004991	
VFG004991	
VFG004991	
VFG004991	
VFG004991	
VFG004991	
VFG004991	
VFG004991	
VFG005009	
VFG005009	
VFG005009	
VFG005009	
VFG005009	
VFG005009	
VFG005009	
VFG005009	
VFG005757	
VFG005757	
VFG005757	
VFG005757	
VFG005757	
VFG005757	
VFG005757	
VFG005757	
VFG005757	
VFG005757	
VFG005757	
VFG005757	
VFG005757	
VFG005757	
VFG005757	
VFG005757	
VFG005757	
VFG005757	
VFG005757	
VFG005757	
VFG005757	
VFG005760	
VFG005760	
VFG005760	
VFG005760	
VFG005760	
VFG005760	
VFG005760	
VFG005760	
VFG005760	
VFG005760	
VFG005760	
VFG005760	
VFG005760	
VFG005760	
VFG005760	
VFG005760	
VFG005760	
VFG005760	
VFG005760	
VFG005760	
VFG005760	
VFG005760	
VFG005760	
VFG005760	
VFG005763	
VFG005763	
VFG005763	
VFG005763	
VFG005763	
VFG005763	
VFG005763	
VFG005763	
VFG005763	
VFG005763	
VFG005763	
VFG005763	
VFG005763	
VFG005763	
VFG005763	
VFG005763	
VFG005763	
VFG005763	
VFG005763	
VFG005763	
VFG005763	
VFG005763	
VFG005763	
VFG005763	
VFG005766	
VFG005769	
VFG005769	
VFG005769	
VFG005769	
VFG005769	
VFG005769	
VFG005769	
VFG005769	
VFG005769	
VFG005769	
VFG005769	
VFG005769	
VFG005769	
VFG005769	
VFG005769	
VFG005769	
VFG005769	
VFG005769	
VFG005769	
VFG005769	
VFG005769	
VFG005769	
VFG005769	
VFG005769	
VFG005772	
VFG005772	
VFG005772	
VFG005772	
VFG005772	
VFG005772	
VFG005772	
VFG005772	
VFG005772	
VFG005772	
VFG005772	
VFG005772	
VFG005772	
VFG005772	
VFG005772	
VFG005772	
VFG005772	
VFG005772	
VFG005772	
VFG005772	
VFG005772	
VFG005772	
VFG005772	
VFG005772	
VFG005775	
VFG005775	
VFG005775	
VFG005775	
VFG005775	
VFG005775	
VFG005775	
VFG005775	
VFG005775	
VFG005775	
VFG005775	
VFG005775	
VFG005775	
VFG005775	
VFG005775	
VFG005775	
VFG005775	
VFG005775	
VFG005775	
VFG005775	
VFG005775	
VFG005775	
VFG005775	
VFG005775	
VFG005778	
VFG005781	
VFG005781	
VFG005781	
VFG005781	
VFG005781	
VFG005781	
VFG005781	
VFG005781	
VFG005781	
VFG005781	
VFG005781	
VFG005781	
VFG005781	
VFG005781	
VFG005781	
VFG005781	
VFG005781	
VFG005781	
VFG005781	
VFG005781	
VFG005781	
VFG005781	
VFG005781	
VFG005781	
VFG005784	
VFG005784	
VFG005784	
VFG005784	
VFG005784	
VFG005784	
VFG005784	
VFG005784	
VFG005784	
VFG005784	
VFG005784	
VFG005784	
VFG005784	
VFG005784	
VFG005784	
VFG005784	
VFG005784	
VFG005784	
VFG005784	
VFG005784	
VFG005784	
VFG005784	
VFG005784	
VFG005784	
VFG005787	
VFG005787	
VFG005787	
VFG005787	
VFG005787	
VFG005787	
VFG005787	
VFG005787	
VFG005787	
VFG005787	
VFG005787	
VFG005787	
VFG005787	
VFG005787	
VFG005787	
VFG005787	
VFG005787	
VFG005787	
VFG005787	
VFG005787	
VFG005787	
VFG005787	
VFG005787	
VFG005787	
VFG005790	
VFG005790	
VFG005790	
VFG005790	
VFG005790	
VFG005790	
VFG005790	
VFG005790	
VFG005790	
VFG005790	
VFG005790	
VFG005790	
VFG005790	
VFG005790	
VFG005790	
VFG005790	
VFG005790	
VFG005790	
VFG005790	
VFG005790	
VFG005790	
VFG005790	
VFG005790	
VFG005790	
VFG005793	
VFG005793	
VFG005793	
VFG005793	
VFG005793	
VFG005793	
VFG005793	
VFG005793	
VFG005793	
VFG005793	
VFG005793	
VFG005793	
VFG005793	
VFG005793	
VFG005793	
VFG005793	
VFG005793	
VFG005793	
VFG005793	
VFG005793	
VFG005793	
VFG005793	
VFG005793	
VFG005793	
VFG007020	
VFG007020	
VFG007020	
VFG007020	
VFG007020	
VFG007020	
VFG007020	
VFG007020	
VFG007020	
VFG007020	
VFG007020	
VFG007020	
VFG007020	
VFG007020	
VFG007020	
VFG007020	
VFG007020	
VFG007020	
VFG007020	
VFG007020	
VFG007020	
VFG007020	
VFG007020	
VFG007020	
VFG007020	
VFG007020	
VFG007020	
VFG007020	
VFG007020	
VFG007020	
VFG007020	
VFG007020	
VFG007020	
VFG007020	
VFG007020	
VFG007020	
VFG007020	
VFG007020	
VFG007020	
VFG007020	
VFG007020	
VFG007020	
VFG007020	
VFG007020	
VFG007020	
VFG007020	
VFG007020	
VFG007020	
VFG007020	
VFG007020	
VFG007020	
VFG007020	
VFG007020	
VFG007020	
VFG007020	
VFG007020	
VFG007020	
VFG007020	
VFG007020	
VFG007020	
VFG007020	
VFG007020	
VFG007020	
VFG007020	
VFG007020	
VFG007020	
VFG007020	
VFG007020	
VFG007020	
VFG007020	
VFG007020	
VFG007020	
VFG007020	
VFG007020	
VFG007020	
VFG007020	
VFG007020	
VFG007020	
VFG007020	
VFG007020	
VFG007020	
VFG007020	
VFG007020	
VFG007020	
VFG007020	
VFG007020	
VFG007020	
VFG007020	
VFG007020	
VFG007023	
VFG007023	
VFG007023	
VFG007023	
VFG007023	
VFG007023	
VFG007023	
VFG007023	
VFG007023	
VFG007023	
VFG007023	
VFG007023	
VFG007023	
VFG007023	
VFG007023	
VFG007023	
VFG007023	
VFG007023	
VFG007023	
VFG007023	
VFG007023	
VFG007023	
VFG007023	
VFG007023	
VFG007023	
VFG007023	
VFG007023	
VFG007023	
VFG007023	
VFG007023	
VFG007023	
VFG007023	
VFG007023	
VFG007023	
VFG007023	
VFG007023	
VFG007023	
VFG007023	
VFG007023	
VFG007023	
VFG007023	
VFG007023	
VFG007023	
VFG007023	
VFG007023	
VFG007023	
VFG007023	
VFG007023	
VFG007023	
VFG007023	
VFG007023	
VFG007023	
VFG007023	
VFG007023	
VFG007023	
VFG007023	
VFG007023	
VFG007023	
VFG007023	
VFG007023	
VFG007023	
VFG007023	
VFG007023	
VFG007023	
VFG007023	
VFG007023	
VFG007023	
VFG007023	
VFG007023	
VFG007023	
VFG007023	
VFG007023	
VFG007023	
VFG007023	
VFG007023	
VFG007023	
VFG007023	
VFG007027	
VFG007027	
VFG007027	
VFG007027	
VFG007027	
VFG007027	
VFG007027	
VFG007027	
VFG007027	
VFG007027	
VFG007027	
VFG007027	
VFG007027	
VFG007027	
VFG007027	
VFG007027	
VFG007027	
VFG007027	
VFG007027	
VFG007027	
VFG007027	
VFG007027	
VFG007027	
VFG007027	
VFG007027	
VFG007027	
VFG007027	
VFG007027	
VFG007027	
VFG007027	
VFG007027	
VFG007027	
VFG007027	
VFG007027	
VFG007027	
VFG007027	
VFG007027	
VFG007027	
VFG007027	
VFG007027	
VFG007027	
VFG007027	
VFG007027	
VFG007027	
VFG007027	
VFG007027	
VFG007027	
VFG007027	
VFG007027	
VFG007027	
VFG007027	
VFG007027	
VFG007027	
VFG007027	
VFG007027	
VFG007027	
VFG007027	
VFG007027	
VFG007027	
VFG007027	
VFG007027	
VFG007027	
VFG007027	
VFG007027	
VFG007027	
VFG007027	
VFG007027	
VFG007027	
VFG007027	
VFG007027	
VFG007027	
VFG007027	
VFG007027	
VFG007027	
VFG007027	
VFG007027	
VFG007027	
VFG007031	
VFG007031	
VFG007031	
VFG007031	
VFG007031	
VFG007031	
VFG007031	
VFG007031	
VFG007031	
VFG007031	
VFG007031	
VFG007031	
VFG007031	
VFG007031	
VFG007031	
VFG007031	
VFG007031	
VFG007031	
VFG007031	
VFG007031	
VFG007031	
VFG007031	
VFG007031	
VFG007031	
VFG007031	
VFG007031	
VFG007031	
VFG007031	
VFG007031	
VFG007031	
VFG007031	
VFG007031	
VFG007031	
VFG007031	
VFG007031	
VFG007031	
VFG007032	
VFG007032	
VFG007032	
VFG007032	
VFG007032	
VFG007032	
VFG007032	
VFG007032	
VFG007032	
VFG007032	
VFG007032	
VFG007032	
VFG007032	
VFG007032	
VFG007035	
VFG007035	
VFG007035	
VFG007035	
VFG007035	
VFG007035	
VFG007035	
VFG007035	
VFG007035	
VFG007035	
VFG007035	
VFG007035	
VFG007035	
VFG007035	
VFG007035	
VFG007035	
VFG007035	
VFG007035	
VFG007035	
VFG007035	
VFG007035	
VFG007035	
VFG007035	
VFG007035	
VFG007035	
VFG007035	
VFG007035	
VFG007035	
VFG007035	
VFG007035	
VFG007035	
VFG007038	
VFG007038	
VFG007038	
VFG007038	
VFG007038	
VFG007038	
VFG007038	
VFG007038	
VFG007038	
VFG007038	
VFG007038	
VFG007038	
VFG007038	
VFG007038	
VFG007038	
VFG007038	
VFG007038	
VFG007038	
VFG007038	
VFG007038	
VFG007038	
VFG007038	
VFG007038	
VFG007038	
VFG007038	
VFG007041	
VFG007041	
VFG007041	
VFG007041	
VFG007041	
VFG007041	
VFG007041	
VFG007041	
VFG007041	
VFG007041	
VFG007041	
VFG007041	
VFG007041	
VFG007041	
VFG007041	
VFG007041	
VFG007041	
VFG007041	
VFG007041	
VFG010851	
VFG010851	
VFG012114	
VFG012114	
VFG012114	
VFG012114	
VFG012114	
VFG012114	
VFG012114	
VFG012114	
VFG012114	
VFG012114	
VFG012114	
VFG012114	
VFG012114	
VFG012114	
VFG012114	
VFG012114	
VFG012114	
VFG012114	
VFG012114	
VFG012114	
VFG012114	
VFG012114	
VFG012114	
VFG012114	
VFG012114	
VFG012114	
VFG012114	
VFG012114	
VFG012114	
VFG012122	
VFG012122	
VFG012191	
VFG012493	
VFG012493	
VFG012493	
VFG012493	
VFG012493	
VFG012493	
VFG012493	
VFG012493	
VFG012493	
VFG012493	
VFG012493	
VFG012493	
VFG012493	
VFG012493	
VFG012493	
VFG012493	
VFG012493	
VFG012493	
VFG012493	
VFG012493	
VFG012493	
VFG012493	
VFG012493	
VFG012493	
VFG012493	
VFG012493	
VFG012493	
VFG012493	
VFG012493	
VFG012493	
VFG012493	
VFG012493	
VFG012493	
VFG012493	
VFG016216	
VFG016216	
VFG016216	
VFG016216	
VFG016216	
VFG016216	
VFG016216	
VFG016216	
VFG016216	
VFG016216	
VFG016216	
VFG016216	
VFG016216	
VFG016216	
VFG016216	
VFG016216	
VFG016216	
VFG016216	
VFG016216	
VFG016216	
VFG016216	
VFG016216	
VFG016216	
VFG016216	
VFG016216	
VFG016216	
VFG016216	
VFG016216	
VFG016216	
VFG016216	
VFG016216	
VFG016216	
VFG016216	
VFG016216	
VFG016216	
VFG016223	
VFG016223	
VFG016223	
VFG016223	
VFG016223	
VFG016223	
VFG016223	
VFG016223	
VFG016223	
VFG016223	
VFG016223	
VFG016223	
VFG016223	
VFG016223	
VFG016223	
VFG016223	
VFG016223	
VFG016223	
VFG016223	
VFG016223	
VFG016223	
VFG016223	
VFG016223	
VFG016223	
VFG016223	
VFG016223	
VFG016223	
VFG016223	
VFG016223	
VFG016254	
VFG016254	
VFG016254	
VFG016254	
VFG016254	
VFG016254	
VFG016254	
VFG016254	
VFG016254	
VFG016254	
VFG016254	
VFG016254	
VFG016254	
VFG016254	
VFG016254	
VFG016254	
VFG016254	
VFG016254	
VFG016254	
VFG016254	
VFG016254	
VFG016254	
VFG016254	
VFG016254	
VFG016254	
VFG016254	
VFG016254	
VFG016254	
VFG016254	
VFG016260	
VFG016260	
VFG016260	
VFG016260	
VFG016260	
VFG016260	
VFG016260	
VFG016260	
VFG016260	
VFG016260	
VFG016260	
VFG016260	
VFG016260	
VFG016260	
VFG016260	
VFG016260	
VFG016260	
VFG016260	
VFG016260	
VFG016260	
VFG016260	
VFG016260	
VFG016260	
VFG016260	
VFG016260	
VFG016260	
VFG016260	
VFG016260	
VFG016260	
VFG016263	
VFG016263	
VFG016263	
VFG016263	
VFG016263	
VFG016263	
VFG016263	
VFG016263	
VFG016263	
VFG016263	
VFG016263	
VFG016263	
VFG016263	
VFG016263	
VFG016263	
VFG016263	
VFG016263	
VFG016263	
VFG016263	
VFG016263	
VFG016263	
VFG016263	
VFG016263	
VFG016263	
VFG016263	
VFG016263	
VFG016263	
VFG016263	
VFG016263	
VFG016263	
VFG016263	
VFG016270	
VFG016270	
VFG016270	
VFG016270	
VFG016270	
VFG016270	
VFG016270	
VFG016270	
VFG016270	
VFG016270	
VFG016270	
VFG016270	
VFG016270	
VFG016270	
VFG016270	
VFG016270	
VFG016270	
VFG016270	
VFG016270	
VFG016270	
VFG016270	
VFG016270	
VFG016270	
VFG016270	
VFG016270	
VFG016270	
VFG016270	
VFG016270	
VFG016270	
VFG016270	
VFG016270	
VFG016270	
VFG016270	
VFG016270	
VFG016270	
VFG016270	
VFG016270	
VFG016278	
VFG016278	
VFG016278	
VFG016278	
VFG016278	
VFG016278	
VFG016278	
VFG016278	
VFG016278	
VFG016278	
VFG016278	
VFG016278	
VFG016278	
VFG016278	
VFG016278	
VFG016278	
VFG016278	
VFG016278	
VFG016278	
VFG016278	
VFG016278	
VFG016278	
VFG016278	
VFG016278	
VFG016278	
VFG016278	
VFG016278	
VFG016278	
VFG016278	
VFG016278	
VFG016278	
VFG016278	
VFG016278	
VFG016278	
VFG016278	
VFG016278	
VFG016278	
VFG016278	
VFG016286	
VFG016286	
VFG016286	
VFG016286	
VFG016286	
VFG016286	
VFG016286	
VFG016286	
VFG016286	
VFG016286	
VFG016286	
VFG016286	
VFG016286	
VFG016286	
VFG016286	
VFG016286	
VFG016286	
VFG016286	
VFG016286	
VFG016286	
VFG016286	
VFG016286	
VFG016286	
VFG017885	
VFG017885	
VFG017885	
VFG017885	
VFG017885	
VFG017885	
VFG017885	
VFG017885	
VFG017885	
VFG017885	
VFG017885	
VFG017885	
VFG017885	
VFG017885	
VFG019014	
VFG019014	
VFG019014	
VFG020318	
VFG020318	
VFG020318	
VFG020318	
VFG020318	
VFG020318	
VFG020318	
VFG020318	
VFG020318	
VFG020318	
VFG020318	
VFG020318	
VFG020318	
VFG020318	
VFG020318	
VFG020318	
VFG020318	
VFG020318	
VFG020318	
VFG020318	
VFG020318	
VFG020318	
VFG020322	
VFG020322	
VFG020322	
VFG020322	
VFG020322	
VFG020322	
VFG020322	
VFG020322	
VFG020322	
VFG020322	
VFG020322	
VFG020322	
VFG020322	
VFG020322	
VFG020322	
VFG020322	
VFG020322	
VFG020322	
VFG020322	
VFG020322	
VFG020322	
VFG020322	
VFG020326	
VFG020326	
VFG020326	
VFG020326	
VFG020326	
VFG020326	
VFG020326	
VFG020326	
VFG020326	
VFG020326	
VFG020326	
VFG020326	
VFG020326	
VFG020326	
VFG020326	
VFG020326	
VFG020326	
VFG020326	
VFG020326	
VFG020326	
VFG020326	
VFG020326	
VFG036066	
VFG036066	
VFG036066	
VFG036066	
VFG036066	
VFG036066	
VFG036066	
VFG036066	
VFG036066	
VFG036066	
VFG036066	
VFG036066	
VFG036066	
VFG036066	
VFG036066	
VFG036068	
VFG036068	
VFG036068	
VFG036068	
VFG036068	
VFG036068	
VFG036068	
VFG036068	
VFG036068	
VFG036068	
VFG036068	
VFG036068	
VFG036068	
VFG036068	
VFG036068	
VFG037176	
VFG037176	
VFG037176	
VFG037176	
VFG037176	
VFG037176	
VFG037176	
VFG037176	
VFG037176	
VFG037176	
VFG037176	
VFG037176	
VFG037176	
VFG037176	
VFG037176	
VFG037176	
VFG037176	
VFG037176	
VFG037176	
VFG037176	
VFG037177	
VFG037177	
VFG037177	
VFG037177	
VFG037177	
VFG037177	
VFG037177	
VFG037177	
VFG037177	
VFG037177	
VFG037177	
VFG037177	
VFG037177	
VFG037177	
VFG037177	
VFG037177	
VFG037177	
VFG037177	
VFG037177	
VFG037177	
VFG037177	
VFG037177	
VFG037177	
VFG037177	
VFG037177	
VFG037177	
VFG037177	
VFG037177	
VFG037177	
VFG037177	
VFG037177	
VFG037177	
VFG037177	
VFG037203	
VFG037203	
VFG037203	
VFG037203	
VFG037203	
VFG037203	
VFG037203	
VFG037203	
VFG037203	
VFG037203	
VFG037203	
VFG037203	
VFG037203	
VFG037203	
VFG037203	
VFG037203	
VFG037203	
VFG037203	
VFG037203	
VFG037203	
VFG037203	
VFG037203	
VFG037203	
VFG037203	
VFG037203	
VFG037203	
VFG037203	
VFG037203	
VFG037203	
VFG037203	
VFG037203	
VFG037203	
VFG037203	
VFG037203	
VFG037203	
VFG038892	
VFG038892	
VFG038892	
VFG038892	
VFG038892	
VFG038892	
VFG038892	
VFG038892	
VFG038892	
VFG038892	
VFG038892	
VFG038892	
VFG038892	
VFG038892	
VFG038892	
VFG038892	
VFG038892	
VFG038892	
VFG038892	
VFG038892	
VFG038892	
VFG038892	
VFG038892	
VFG038912	
VFG038912	
VFG038912	
VFG038912	
VFG038912	
VFG038912	
VFG038912	
VFG038912	
VFG038912	
VFG038912	
VFG038912	
VFG038912	
VFG038912	
VFG038912	
VFG038914	
VFG038914	
VFG038914	
VFG038914	
VFG038914	
VFG038914	
VFG038914	
VFG038914	
VFG038914	
VFG038914	
VFG038914	
VFG038914	
VFG038914	
VFG038914	
VFG038914	
VFG038914	
VFG038914	
VFG038914	
VFG038914	
VFG038915	
VFG038915	
VFG038915	
VFG038915	
VFG038915	
VFG038915	
VFG038915	
VFG038915	
VFG038915	
VFG038915	
VFG038915	
VFG038915	
VFG038915	
VFG038915	
VFG038915	
VFG038915	
VFG038915	
VFG038915	
VFG038916	
VFG038916	
VFG038916	
VFG038916	
VFG038916	
VFG038916	
VFG038916	
VFG038916	
VFG038916	
VFG038916	
VFG038916	
VFG038916	
VFG038916	
VFG038916	
VFG038916	
VFG038916	
VFG038916	
VFG038916	
VFG038916	
VFG038917	
VFG038917	
VFG038917	
VFG038917	
VFG038917	
VFG038917	
VFG038917	
VFG038917	
VFG038917	
VFG038917	
VFG038917	
VFG038917	
VFG038917	
VFG038917	
VFG038917	
VFG038917	
VFG038917	
VFG038917	
VFG038917	
VFG038918	
VFG038918	
VFG038918	
VFG038918	
VFG038918	
VFG038918	
VFG038918	
VFG038918	
VFG038918	
VFG038918	
VFG038918	
VFG038918	
VFG038918	
VFG038918	
VFG038918	
VFG038918	
VFG038918	
VFG038918	
VFG038918	
VFG040745	
VFG040745	
VFG040745	
VFG040745	
VFG040767	
VFG040767	
VFG040767	
VFG040767	
VFG040807	
VFG040807	
VFG040807	
VFG040807	
VFG043666	
VFG043671	
VFG043671	
VFG043671	
VFG043671	
VFG043671	
VFG043671	
VFG043671	
VFG043671	
VFG043671	
VFG043671	
VFG043671	
VFG043671	
VFG043671	
VFG043671	
VFG043671	
VFG043671	
VFG043671	
VFG043671	
VFG043673	
VFG043673	
VFG043673	
VFG043673	
VFG043673	
VFG043673	
VFG043673	
VFG043673	
VFG043673	
VFG043673	
VFG043673	
VFG043673	
VFG043673	
VFG043673	
VFG043673	
VFG043673	
VFG043673	
VFG043673	
VFG043673	
VFG043732	
VFG043732	
VFG043732	
VFG043732	
VFG043732	
VFG043732	
VFG043732	
VFG043732	
VFG043732	
VFG043732	
VFG043732	
VFG043732	
VFG043732	
VFG043732	
VFG043732	
VFG043732	
VFG043732	
VFG043733	
VFG043733	
VFG043733	
VFG043733	
VFG043733	
VFG043733	
VFG043733	
VFG043733	
VFG043733	
VFG043733	
VFG043733	
VFG043733	
VFG043733	
VFG043733	
VFG043733	
VFG043733	
VFG043733	
VFG043733	
VFG043734	
VFG043734	
VFG043734	
VFG043734	
VFG043734	
VFG043734	
VFG043734	
VFG043734	
VFG043734	
VFG043734	
VFG043734	
VFG043734	
VFG043734	
VFG043734	
VFG043734	
VFG043734	
VFG043734	
VFG043734	
VFG044015	
VFG044024	
VFG044024	
VFG044044	
VFG044044	
VFG044044	
VFG044044	
VFG044044	
VFG044044	
VFG044044	
VFG044044	
VFG044044	
VFG044044	
VFG044044	
VFG044044	
VFG044044	
VFG044044	
VFG044044	
VFG044044	
VFG044044	
VFG044044	
VFG044044	
VFG045332	
VFG045332	
VFG045332	
VFG045332	
VFG045332	
VFG045333	
VFG045333	
VFG045333	
VFG045333	
VFG045333	
VFG045333	
VFG045334	
VFG045334	
VFG045334	
VFG045334	
VFG045334	
VFG045334	
VFG045335	
VFG045335	
VFG045335	
VFG045335	
VFG045335	
VFG045335	
VFG045336	
VFG045336	
VFG045336	
VFG045336	
VFG045336	
VFG045337	
VFG045337	
VFG045337	
VFG045337	
VFG045337	
VFG045337	
VFG045338	
VFG045338	
VFG045338	
VFG045347	
VFG045347	
VFG045347	
VFG045347	
VFG045347	
VFG045347	
VFG045347	
VFG045347	
VFG045347	
VFG045347	
VFG045347	
VFG045347	
VFG045347	
VFG045347	
VFG045347	
VFG045347	
VFG045348	
VFG045348	
VFG045348	
VFG045348	
VFG045348	
VFG045348	
VFG045348	
VFG045348	
VFG045348	
VFG045348	
VFG045348	
VFG045348	
VFG045348	
VFG045348	
VFG045348	
VFG045348	
VFG045470	
VFG045470	
VFG045470	
VFG045470	
VFG045470	
VFG045470	
VFG045470	
VFG045470	
VFG045470	
VFG045470	
VFG045470	
VFG045470	
VFG045470	
VFG045470	
VFG045470	
VFG045470	
VFG045470	
VFG045470	
VFG045470	
VFG045470	
VFG045472	
VFG045472	
VFG045473	
VFG045473	
VFG045473	
VFG045473	
VFG045473	
VFG045473	
VFG045473	
VFG045473	
VFG045473	
VFG045473	
VFG045473	
VFG045473	
VFG045473	
VFG045473	
VFG045473	
VFG045473	
VFG045473	
VFG045473	
VFG045473	
VFG045473	
VFG045473	
VFG045473	
VFG045474	
VFG045474	
VFG045474	
VFG045474	
VFG045474	
VFG045474	
VFG045474	
VFG045474	
VFG045474	
VFG045474	
VFG045474	
VFG045474	
VFG045474	
VFG045474	
VFG045474	
VFG045474	
VFG045474	
VFG045474	
VFG045474	
VFG045474	
VFG049147	
VFG049147	
VFG049147	
VFG049147	
VFG049147	
VFG049147	
VFG049147	
VFG049147	
VFG049147	
VFG049147	
VFG049147	
VFG049147	
VFG049147	
VFG049147	
VFG049147	
VFG049147	
VFG049147	
VFG049147	
VFG049147	
VFG049147	
VFG049147	
VFG049147	
VFG049147	
VFG049147	
VFG049147	
VFG049148	
VFG049148	
VFG049148	
VFG049148	
VFG049148	
VFG049148	
VFG049148	
VFG049148	
VFG049148	
VFG049148	
VFG049148	
VFG049148	
VFG049148	
VFG049148	
VFG049148	
VFG049148	
VFG049148	
VFG049148	
VFG049148	
VFG049148	
VFG049148	
VFG049149	
VFG049149	
VFG049149	
VFG049149	
VFG049149	
VFG049149	
VFG049149	
VFG049149	
VFG049149	
VFG049149	
VFG049149	
VFG049149	
VFG049149	
VFG049149	
VFG049149	
VFG049149	
VFG049149	
VFG049149	
VFG049149	
VFG049149	
VFG049149	
VFG049149	
VFG049149	
VFG049149	
VFG049149	
VFG049150	
VFG049150	
VFG049150	
VFG049150	
VFG049150	
VFG049150	
VFG049150	
VFG049150	
VFG049150	
VFG049150	
VFG049150	
VFG049150	
VFG049150	
VFG049150	
VFG049150	
VFG049150	
VFG049150	
VFG049150	
VFG049150	
VFG049150	
VFG049150	
VFG049150	
VFG049150	
VFG049150	
VFG049151	
VFG049151	
VFG049151	
VFG049151	
VFG049151	
VFG049151	
VFG049151	
VFG049151	
VFG049151	
VFG049151	
VFG049151	
VFG049151	
VFG049151	
VFG049151	
VFG049151	
VFG049151	
VFG049151	
VFG049151	
VFG049151	
VFG049151	
VFG049151	
VFG049151	
VFG049151	
VFG049151	
VFG049151	
VFG049152	
VFG049152	
VFG049152	
VFG049152	
VFG049152	
VFG049152	
VFG049152	
VFG049152	
VFG049152	
VFG049152	
VFG049152	
VFG049152	
VFG049152	
VFG049152	
VFG049152	
VFG049152	
VFG049152	
VFG049152	
VFG049152	
VFG049152	
VFG049152	
VFG049152	
VFG049152	
VFG049152	
VFG049152	
VFG049153	
VFG049153	
VFG049153	
VFG049153	
VFG049153	
VFG049153	
VFG049153	
VFG049153	
VFG049153	
VFG049153	
VFG049153	
VFG049153	
VFG049153	
VFG049153	
VFG049153	
VFG049153	
VFG049153	
VFG049153	
VFG049153	
VFG049153	
VFG049153	
VFG049153	
VFG049153	
VFG049153	
VFG049153	
VFG049154	
VFG049154	
VFG049154	
VFG049154	
VFG049154	
VFG049154	
VFG049154	
VFG049154	
VFG049154	
VFG049154	
VFG049154	
VFG049154	
VFG049154	
VFG049154	
VFG049154	
VFG049154	
VFG049154	
VFG049154	
VFG049154	
VFG049154	
VFG049154	
VFG049154	
VFG049154	
VFG049154	
VFG049154	
VFG049155	
VFG049155	
VFG049155	
VFG049155	
VFG049155	
VFG049155	
VFG049155	
VFG049155	
VFG049155	
VFG049155	
VFG049155	
VFG049155	
VFG049155	
VFG049155	
VFG049155	
VFG049155	
VFG049155	
VFG049155	
VFG049155	
VFG049155	
VFG049155	
VFG049155	
VFG049155	
VFG049155	
VFG049156	
VFG049156	
VFG049156	
VFG049156	
VFG049156	
VFG049156	
VFG049156	
VFG049156	
VFG049156	
VFG049156	
VFG049156	
VFG049156	
VFG049156	
VFG049156	
VFG049156	
VFG049156	
VFG049156	
VFG049156	
VFG049156	
VFG049156	
VFG049156	
VFG049156	
VFG049156	
VFG049157	
VFG049157	
VFG049157	
VFG049157	
VFG049157	
VFG049157	
VFG049157	
VFG049157	
VFG049157	
VFG049157	
VFG049157	
VFG049157	
VFG049157	
VFG049157	
VFG049157	
VFG049157	
VFG049157	
VFG049157	
VFG049157	
VFG049157	
VFG049157	
VFG049157	
VFG049157	
VFG049157	
VFG049158	
VFG049158	
VFG049158	
VFG049158	
VFG049158	
VFG049158	
VFG049158	
VFG049158	
VFG049158	
VFG049158	
VFG049158	
VFG049158	
VFG049158	
VFG049158	
VFG049158	
VFG049158	
VFG049158	
VFG049158	
VFG049158	
VFG049158	
VFG049158	
VFG049158	
VFG049158	
VFG049158	
VFG049159	
VFG049159	
VFG049159	
VFG049159	
VFG049159	
VFG049159	
VFG049159	
VFG049159	
VFG049159	
VFG049159	
VFG049159	
VFG049159	
VFG049159	
VFG049159	
VFG049159	
VFG049159	
VFG049159	
VFG049159	
VFG049159	
VFG049159	
VFG049159	
VFG049159	
VFG049159	
VFG049159	
VFG049160	
VFG049160	
VFG049160	
VFG049160	
VFG049160	
VFG049160	
VFG049160	
VFG049160	
VFG049160	
VFG049160	
VFG049160	
VFG049160	
VFG049160	
VFG049160	
VFG049160	
VFG049160	
VFG049160	
VFG049160	
VFG049160	
VFG049160	
VFG049160	
VFG049160	
VFG049160	
VFG049161	
VFG049161	
VFG049161	
VFG049161	
VFG049161	
VFG049161	
VFG049161	
VFG049161	
VFG049161	
VFG049161	
VFG049161	
VFG049161	
VFG049161	
VFG049161	
VFG049161	
VFG049161	
VFG049161	
VFG049161	
VFG049161	
VFG049161	
VFG049161	
VFG049161	
VFG049161	
VFG049161	
VFG049161	
VFG049162	
VFG049162	
VFG049162	
VFG049162	
VFG049162	
VFG049162	
VFG049162	
VFG049162	
VFG049162	
VFG049162	
VFG049162	
VFG049162	
VFG049162	
VFG049162	
VFG049162	
VFG049162	
VFG049162	
VFG049162	
VFG049162	
VFG049162	
VFG049162	
VFG049162	
VFG049162	
VFG049162	
VFG049162	
VFG049163	
VFG049163	
VFG049163	
VFG049163	
VFG049163	
VFG049163	
VFG049163	
VFG049163	
VFG049163	
VFG049163	
VFG049163	
VFG049163	
VFG049163	
VFG049163	
VFG049163	
VFG049163	
VFG049163	
VFG049163	
VFG049163	
VFG049163	
VFG049163	
VFG049163	
VFG049163	
VFG049163	
VFG049163	
VFG049164	
VFG049164	
VFG049164	
VFG049164	
VFG049164	
VFG049164	
VFG049164	
VFG049164	
VFG049164	
VFG049164	
VFG049164	
VFG049164	
VFG049164	
VFG049164	
VFG049164	
VFG049164	
VFG049164	
VFG049164	
VFG049164	
VFG049164	
VFG049164	
VFG049164	
VFG049164	
VFG049164	
VFG049164	
VFG050111	
VFG050111	
VFG050112	
VFG050112	
VFG050112	
VFG050112	
VFG050112	
VFG050112	
VFG050112	
VFG050112	
VFG050112	
VFG050113	
VFG050113	
VFG050113	
VFG050113	
VFG050113	
VFG050113	
VFG050113	
VFG050113	
VFG050113	
VFG050114	
VFG050114	
VFG050114	
VFG050114	
VFG050114	
VFG050114	
VFG050114	
VFG050114	
VFG050114	
VFG050115	
VFG050115	
VFG050115	
VFG050115	
VFG050115	
VFG050115	
VFG050115	
VFG050115	
VFG050116	
VFG050116	
VFG050116	
VFG050116	
VFG050116	
VFG050116	
VFG050116	
VFG050116	
VFG050116	
VFG050117	
VFG050117	
VFG050117	
VFG050117	
VFG050117	
VFG050117	
VFG050117	
VFG050117	
VFG050117	
VFG050118	
VFG050118	
VFG050118	
VFG050118	
VFG050118	
VFG050118	
VFG050118	
VFG050118	
VFG050118	
VFG052341	
VFG052342	
