timestamp,PHASE,roll,pitch,yaw,altitude,airspeed,throttle,battery_voltage,gps_lat,gps_lon,rollspeed,pitchspeed,yawspeed,climb,GPS_status,Gyro_status,Accel_status,Baro_status,is_anomaly,airspeedchange,_recv_ts
50,TAKEOFF,0.1113176382466237,-0.174587715226427,-1.4541964215453955,75.37688442211056,1.5623594523333586,8.394268602113375,12.496857370859082,37.62380285446025,-122.37042913607075,0.0364908961597072,0.0280532200069946,0.5562312790003877,1.2802092112577177,1,1,1,1,0,0.0,1755087402.778799
51,TAKEOFF,-0.024023328989167,0.0917225002814103,-0.7240195204217638,76.88442211055276,1.4921051846639242,64.12307962736216,12.545756379807822,37.623898850737994,-122.37030503860252,-0.0081732214803957,-0.0998278573403804,0.5942793460537663,1.0588366833332126,1,1,1,1,0,-0.07025426766943443,1755087402.816851
52,TAKEOFF,0.1753408802922169,-0.0853678260668161,2.9666949896711827,78.39195979899498,1.525132423595709,31.84073183335588,12.507328856959244,37.6240038310332,-122.37020386411083,-0.4147508258561269,-0.1108654878816424,0.4096630902691877,0.454023158481504,1,1,1,1,0,0.03302723893178494,1755087402.8601449
53,TAKEOFF,0.0332454775126009,-0.1043416595163726,0.5143057193225098,79.89949748743719,1.6082231102786286,36.52338444392719,12.539756013215284,37.624093117123394,-122.3701145175965,-0.8484297876936064,-0.0101827770764056,0.1442668729063757,1.4816156317157585,1,1,1,1,0,0.08309068668291952,1755087402.901501
54,TAKEOFF,-0.0298143765544271,0.0172215930811151,-2.7945031782388092,81.4070351758794,1.5930240962277349,78.00306152644961,12.522438381761631,37.62419770306626,-122.37001728008754,0.2867115004439173,-0.089055917668379,-1.985,0.4362057591953784,1,1,1,1,1,-0.015199014050893744,1755087402.942254
55,TAKEOFF,0.1112694351859932,0.09751636319997,-2.8268865697572663,82.91457286432161,1.6920640105548734,38.78003743988819,12.480651851931729,37.62430422323302,-122.36991054150792,-0.2186190108785524,0.1287255073962033,0.4734049373737217,1.0578272025660975,1,1,1,1,0,0.09903991432713855,1755087402.9818912
56,TAKEOFF,0.0302541722548775,0.0523109578333821,-1.420961885977858,84.42211055276383,1.701446598261729,20.67213108046543,12.482398810602378,37.62439563065791,-122.36982108178212,-0.4055852403948906,0.0808636717511469,0.4043235126087413,0.6032897419785334,1,1,1,1,0,0.009382587706855627,1755087403.025305
57,TAKEOFF,0.1283744185590241,0.0851644170614561,-1.7782743689021006,85.92964824120604,6.758727932526104,77.82539568847683,12.495970176297366,37.62450344870897,-122.36970535748372,-4.39,-0.0706065871386607,-1.985,-3.8,1,1,1,1,1,5.057281334264375,1755087403.066441
58,TAKEOFF,0.1370744288304055,0.1207549485647545,-0.4399641200069425,87.43718592964825,1.75238699864022,64.56213072697436,12.499624471598963,37.62461322527315,-122.36962077722144,-0.475169119294736,-0.1028264016918115,0.4174329292556917,1.5387581268555457,1,1,1,1,0,-5.006340933885884,1755087403.109678
59,TAKEOFF,0.1643205795855339,-0.0981985288288443,1.3215457372021289,88.94472361809046,1.7613305879524406,52.81462722467625,12.477052854387512,37.62472275985877,-122.3695141297108,-0.5245841614586322,-0.0327520981617791,0.4253300610882449,0.0001263490546552,1,1,1,1,0,0.008943589312220501,1755087403.1532469
60,TAKEOFF,0.0852302356879757,0.147255534977044,2.057438579071775,90.45226130653266,1.8548368675895055,76.54180473696053,12.516299232368205,37.624786615885434,-122.36940988724766,0.7389945422084001,0.0966632034489235,0.7552113531378112,-0.1575600621295806,1,1,1,1,0,0.09350627963706493,1755087403.193193
61,TAKEOFF,0.1415375968657805,-0.1048652319159396,1.6958320837762195,91.95979899497488,1.8075683307405872,48.58641924134422,12.478120309893168,37.62491273721313,-122.36931516731246,-0.3003000619845352,-0.0231043101790031,0.8431726069821031,0.4524716972349212,1,1,1,1,0,-0.0472685368489183,1755087403.2361221
62,TAKEOFF,0.0151659933733117,0.1257651779304361,-3.041605851454138,93.46733668341707,1.8473880788946977,29.385229363269275,12.454357268087636,37.624999417933495,-122.36920117382404,0.5811541051458547,-0.107587746362503,0.1298265561039884,0.2050850142213661,1,1,1,1,0,0.03981974815411049,1755087403.277505
63,TAKEOFF,0.038163643732433,-0.1186569542363627,1.1746208108916525,94.9748743718593,1.9600593327060027,8.659356772149478,12.50481353380481,37.62510338414428,-122.36911312821798,0.1088606896585606,0.1359689977786936,0.6552307252779156,0.203575464383119,1,1,1,1,0,0.11267125381130505,1755087403.320044
64,TAKEOFF,0.0200873192413969,0.0442378984222051,-0.013983530173408,96.48241206030151,2.0415779106681557,16.13895264420307,12.457848917887311,37.62521724372497,-122.3690132922591,-0.1951206800817899,-0.0671719223215614,0.2084167319600035,1.354645391651531,1,1,1,1,0,0.081518577962153,1755087403.3628092
65,TAKEOFF,0.0821845112184935,-0.0466095055985591,-1.9877329753876172,97.98994974874373,2.059749428186271,29.870704487083483,12.502517079882834,37.625305162405446,-122.36890814231312,0.3496081543186776,-0.0185327746942616,0.3881239711228714,0.6646998749852728,1,1,1,1,0,0.018171517518115188,1755087403.405087
66,TAKEOFF,0.1611105514270559,0.079509864088628,-2.4418760248709916,99.49748743718594,1.993110899326749,29.997338991231864,12.476861670657506,37.625409487035064,-122.36881697737712,0.5983120915276657,-0.1001511320733465,0.4239226852700364,-0.0349718391030387,1,1,1,1,0,-0.06663852885952193,1755087403.448755
67,TAKEOFF,0.0395012512902446,-0.1545948741046197,-1.8709126517594832,101.00502512562817,2.031043237865974,55.76785147988188,12.471527396935564,37.6255028022449,-122.36872131171542,-0.4718779132248232,0.0770363158843544,0.559637117745918,-0.0334290982818159,1,1,1,1,0,0.03793233853922495,1755087403.4926898
68,TAKEOFF,-0.0502609784448925,-0.1738029796726532,0.5210567784818336,102.51256281407036,2.12692418939554,71.48180968625478,12.443888281599504,37.625604725629515,-122.368631463331,-0.70974828702678,-0.1395727370476641,0.826876545621287,0.1679654924034569,1,1,1,1,0,0.095880951529566,1755087403.536169
69,TAKEOFF,-0.0060129209135294,0.149974477132504,2.371675576584633,104.02010050251256,2.0741802697380196,21.847951570753523,12.4949940408888,37.62571661449542,-122.3685297116036,0.1740587326580522,-0.04731459854306,0.3578008389446497,0.8465839424501462,1,1,1,1,0,-0.052743919657520344,1755087403.575594
70,TAKEOFF,0.1146101334213694,-0.004454878481358,-2.095482495530155,105.52763819095478,2.061735306962227,80.08047904900964,12.445528763990696,37.62580908132,-122.36842032123604,0.5836963244027497,-0.1465827606941531,0.4519937312790754,0.0733907671345426,1,1,1,1,0,-0.012444962775792767,1755087403.6188958
71,TAKEOFF,0.0303745163769697,0.0076489678375052,1.372196485936441,107.035175879397,2.146547297459754,38.4382339823165,12.430021923281371,37.62590258848818,-122.36832497914652,-0.2705123695746604,0.0901928854508507,0.358729651456549,1.4368172765037308,1,1,1,1,0,0.0848119904975273,1755087403.663413
72,TAKEOFF,-0.078513451079226,0.1086377928612413,-3.076152498942687,108.5427135678392,2.19343011038339,39.13261219921466,12.436528410700312,37.626008352415695,-122.3682107337184,-0.6481579437447462,-0.0843012417121154,0.3569280907644259,-0.1501556921783163,1,1,1,1,0,0.04688281292363605,1755087403.701024
73,TAKEOFF,0.0107461515955806,-0.076319033729894,-2.4406144705779624,110.0502512562814,2.159547544234716,74.61506614162478,12.480945104982236,37.62610537500729,-122.36810737094444,0.7971689715104247,0.0565488146598353,0.4450399088521858,1.3689641545813251,1,1,1,1,0,-0.03388256614867435,1755087403.741882
74,TAKEOFF,0.0209883440019526,-0.1401017630925106,-2.4658181763982183,111.55778894472364,2.1488442218195147,78.34358856972528,12.456907649853578,37.62620106510526,-122.36800277373456,0.1670786026899482,-0.053733231268113,-0.1135949836710292,1.54273491676789,1,1,1,1,0,-0.01070332241520111,1755087403.781905
75,TAKEOFF,0.0335375319019811,0.0352037321240385,-1.67159727790409,113.06532663316584,2.1894700569356114,47.54468138665377,12.466618651535969,37.62630373783475,-122.36791110618724,0.3076772623107454,0.0812551813514243,0.3613231166501278,0.1840104027244062,1,1,1,1,0,0.04062583511609663,1755087403.821853
76,TAKEOFF,-0.0102325548344968,-0.0006642006895845,2.7200998943650547,114.57286432160804,2.324728750640777,59.92484161058776,12.439613388218342,37.62642130058379,-122.36781805084092,-0.4656192424066158,-0.1558436512506284,0.239859711636352,0.29588613093034,1,1,1,1,0,0.13525869370516563,1755087403.865929
77,TAKEOFF,0.1232119376080039,0.0668911805828302,0.2629161337354087,116.08040201005026,8.552002012512167,14.386742503489414,12.462080187004704,37.626525930920536,-122.36773907605846,4.41,-0.65,-0.0202362514003279,1.4251830448828469,1,1,1,1,1,6.227273261871391,1755087403.9103801
78,TAKEOFF,0.1483485415035768,-0.1582566457094037,-2.779875292625269,117.58793969849246,2.3446914393512936,9.820343476298191,12.460982280666702,37.626610359705126,-122.36761034994556,0.4652405715939902,-0.1029635778940114,0.0253675232494196,0.3399073062790134,1,1,1,1,0,-6.207310573160873,1755087403.953014
79,TAKEOFF,0.0349809731882373,0.1331640109497712,0.0547746629047942,119.09547738693468,2.392537481955585,0.0091354714413059,12.464272634139204,37.626699370786746,-122.3675204648702,-0.098414099180923,-0.091999464210023,0.1787089309004852,-0.1622236507320446,1,1,1,1,0,0.04784604260429148,1755087403.99432
80,TAKEOFF,0.0238972013323527,-0.0133505347280964,-0.3867231457212002,120.60301507537687,2.443017345462273,52.66751824826256,12.475888897637862,37.626810567224325,-122.36742169033644,-0.4101643811010318,-0.0548422768610108,0.0441806797857226,0.5705584899683246,1,1,1,1,0,0.05047986350668765,1755087404.0360389
81,TAKEOFF,-0.0594787963284611,-0.0174635451763098,2.355620722693329,122.1105527638191,2.425465915340708,61.76856451766886,12.449029165942305,37.626912840568785,-122.36734209846416,-0.4936798628866959,-0.0734033146211756,0.0607901231531404,0.3408851381626045,1,1,1,1,0,-0.017551430121564682,1755087404.079514
82,TAKEOFF,0.1607527012323856,-0.0515361517254111,-1.0643420261086325,123.61809045226131,2.497297594069256,70.85288605152125,12.472430559494802,37.62701660967441,-122.36721691811668,-0.5950331888843464,0.0034584498201135,0.6171522028502181,0.0486578205963016,1,1,1,1,0,0.07183167872854801,1755087404.125163
83,TAKEOFF,0.1059960554509521,0.0970660578900887,-1.8473664706483868,125.12562814070353,-7.046906070395862,-160.0,12.443715276325294,37.62709860975073,-122.36709505683147,-0.3198388516720237,-0.0343388676463366,0.4818686861906144,1.3689365395380744,1,1,1,1,1,-9.544203664465119,1755087404.169229
84,TAKEOFF,0.1000922205621834,0.1037810199770399,2.741182386057163,126.63316582914574,2.514577615299014,25.012773755099875,12.442547599245712,37.62719452163701,-122.3670036831376,-0.092663385537195,-0.0058558796511315,0.1037381249238265,1.1141561010138088,1,1,1,1,0,9.561483685694876,1755087404.207598
85,TAKEOFF,0.1638882198632301,-0.1120004435223764,2.2740923219227533,128.14070351758795,2.511593290962365,62.71985467140498,12.44886184815966,37.62730903367329,-122.36691764605328,-0.7836180585568265,-0.1154774271010118,0.3116189269854258,0.1858016936328513,1,1,1,1,0,-0.002984324336649191,1755087404.252912
86,TAKEOFF,0.0545465483634634,0.0003184197027445,-0.4017700056033577,129.64824120603015,2.649553184938698,40.99221554295699,12.454045009713512,37.62740235686818,-122.3668308154958,0.6048940587228535,-0.1140495447663468,-0.0700704146251679,0.4406547465013812,1,1,1,1,0,0.13795989397633335,1755087404.296917
87,TAKEOFF,-0.0098898532815026,0.0879406441638023,-0.5020210184982443,131.15577889447238,2.621761416486098,64.48907799412613,12.431072304309184,37.62750375434173,-122.3667154022726,0.3647063190704805,-0.1278937445005034,0.440253152533972,1.4573208107506683,1,1,1,1,0,-0.02779176845260034,1755087404.338921
88,TAKEOFF,-0.079814306335784,0.0973854196910744,-1.650823954579334,132.66331658291458,2.6163009572767764,76.05982439133167,12.427275920383174,37.6276097785816,-122.3666164997412,-0.8035007454414618,0.0599812294346956,0.4643022339696794,0.9326167891283896,1,1,1,1,0,-0.005460459209321478,1755087404.378479
89,TAKEOFF,-0.0366009060529278,0.0507123933975725,-2.007518406772227,134.1708542713568,2.665798495523878,25.505719931025332,12.439030781895411,37.62772225742853,-122.36650934689688,-0.4257708236197259,0.029701344093798,-0.0670583930078387,1.0366214619223475,1,1,1,1,0,0.04949753824710168,1755087404.416252
90,TAKEOFF,-0.0242922884099229,0.0385017747139377,0.8812469613136044,135.678391959799,2.702481415159816,33.299429622812674,12.43604403729993,37.62780304456584,-122.36642362469934,0.370181114633519,0.0518977925792435,0.7179803513368914,0.1088910967491548,1,1,1,1,0,0.03668291963593795,1755087404.4593961
91,TAKEOFF,-0.022011018950557,-0.04172124522366,-0.7311483088609979,137.18592964824123,2.778744582531074,4.17242761867672,12.448512944744795,37.627909595923654,-122.36631190021274,-0.7679509244762946,0.0640338928350245,0.0147288470168819,1.4995903372180832,1,1,1,1,0,0.07626316737125816,1755087404.50847
92,TAKEOFF,0.1232836322986386,0.86,-1.2482562253501646,138.69346733668343,2.6940875378244065,21.424805926602424,12.46940331194572,37.628010723025845,-122.36621757023232,-0.2616531628153114,0.08146840907421,0.5081590947280451,0.6148256543056814,1,1,1,1,1,-0.08465704470666768,1755087404.549304
93,TAKEOFF,0.1267908154241248,-0.1931700666146227,1.369463142523459,140.20100502512562,2.7521598084212417,64.02598262085372,12.435818188008485,37.62809608052313,-122.36610398574692,0.8788223611408845,-0.0033198804582212,0.036050687727926,-0.0498104718070196,1,1,1,1,0,0.058072270596835285,1755087404.5898838
94,TAKEOFF,0.0214626440102952,-0.0016611903542346,0.6759977037074882,141.70854271356785,2.8152654916934816,13.052283593479144,12.417536961523384,37.62819664228145,-122.36601846531173,-0.4351777192584806,0.0910159020912051,0.5869244188042164,0.0508510388166899,1,1,1,1,0,0.06310568327223987,1755087404.63065
95,TAKEOFF,-0.0728597661371107,0.0111519807280543,-1.9867128267619971,143.21608040201005,2.990936899678591,69.60797195618665,12.451990001880612,37.62831590904644,-122.3659212596184,-0.543363395920982,-0.0050264784483778,0.6606525484693583,-0.0032897197249398,1,1,1,1,0,0.1756714079851096,1755087404.6708171
96,TAKEOFF,0.0217832530823356,-0.0471593518097089,-0.8700609506481853,144.72361809045228,2.9422563064356453,60.136982294350304,12.39801591665644,37.62840818584709,-122.36581723159046,-0.1855180674168787,-0.0543179013572792,0.3556070149287885,0.3312234221338056,1,1,1,1,0,-0.048680593242945935,1755087404.71139
97,TAKEOFF,0.0116507060949585,-0.0575128640475422,0.4213041659582976,146.23115577889448,2.9190505316213424,74.00284794026516,12.39042466922245,37.6284996028901,-122.36571057096852,-0.6123276203756425,-0.0068748905296252,0.3081547380009665,1.2853257511636482,1,1,1,1,0,-0.02320577481430286,1755087404.7523048
98,TAKEOFF,-0.0145795879744243,-0.0896493539518543,2.9154756017072927,147.7386934673367,2.9903738484672755,50.35308573088781,12.41047284170175,37.62859150501188,-122.36562780383086,0.5203638605418872,-0.0225689263532978,-0.0588900547503551,0.5314561582216183,1,1,1,1,0,0.07132331684593307,1755087404.795028
99,TAKEOFF,0.1123843132537344,0.0611483256688378,1.5181002975517388,149.2462311557789,3.0877964315970945,22.713200116305703,12.450703110858107,37.62870875943515,-122.3655118056346,0.7800755041577798,0.0302824224012136,0.7470808628634501,0.3959687336417275,1,1,1,1,0,0.097422583129819,1755087404.836779
100,TAKEOFF,-0.0597886283119013,0.0933144222375897,2.5562208930880423,150.75376884422113,3.0033881805456524,64.71399266657504,12.4511493548636,37.62879600656941,-122.36542587954204,-0.6209096888821335,-0.0047650258913117,0.3881204475850843,0.4906088615891156,1,1,1,1,0,-0.08440825105144212,1755087404.881592
101,TAKEOFF,-0.0380439015485577,-0.0629130031919592,1.841097150565992,152.26130653266333,3.0269054634483883,4.562329350030942,12.416339375866569,37.62890372889045,-122.36532010370456,-0.7748030353954088,-0.0399880638055149,0.4647626849005204,1.5822819780743742,1,1,1,1,0,0.023517282902735914,1755087404.927258
102,TAKEOFF,0.0687273095082231,-0.0896262276612992,2.4347327097825016,153.76884422110552,3.1359740615832052,75.47162359579833,12.419697433921604,37.629005085468464,-122.36522673024422,0.5974632751548128,-0.113483793068123,0.205838677969714,0.2317059723023931,1,1,1,1,0,0.10906859813481695,1755087404.969004
103,TAKEOFF,0.0975943901661405,-0.1721744373127779,-1.437241197785746,155.27638190954775,3.130236413097602,26.472925584453115,12.448207870917118,37.62910592281134,-122.36511775167348,0.0528854913458686,-0.006699981256719,0.1079503958193761,0.7557001544823478,1,1,1,1,0,-0.005737648485603319,1755087405.01251
104,TAKEOFF,-0.55,-0.1353257314848187,-1.8756735538071136,156.78391959798995,-12.0,-160.0,12.410572053126836,37.6292094656491,-122.36499268352668,-0.1031451244360237,0.0784453376672311,0.2077486037778567,0.1415121523858604,1,1,1,1,1,-15.130236413097602,1755087405.052247
105,TAKEOFF,0.0317585794232379,-0.0091172723532976,2.7202302427174727,158.29145728643218,3.140418025764614,56.06703219947365,12.433440133246204,37.62931573196373,-122.36491262237624,0.1806130973580103,0.0053562979741865,0.6652978858359136,1.2618735610487593,1,1,1,1,0,15.140418025764614,1755087405.092248
106,TAKEOFF,0.1457366696879176,-0.086842967379189,0.054233570569744,159.79899497487438,3.2921900561146247,13.433236392773942,12.45205059314996,37.629401704538374,-122.36481269641487,0.5904708085668562,-0.0280257586060287,0.1521115080490292,1.2066947398430774,1,1,1,1,0,0.15177203035001074,1755087405.1361291
107,TAKEOFF,0.0804502860210588,-0.152615410372831,-1.4300084896329126,161.3065326633166,3.3116101933460147,45.19271376249615,12.392927309074867,37.62951094881879,-122.36471540364862,0.1654652269006903,-0.143336605175439,0.2772595147048509,0.9838610282094128,1,1,1,1,0,0.019420137231390022,1755087405.1762931
108,TAKEOFF,-0.0211659073434738,-0.174477104551793,-2.045905053742343,162.8140703517588,3.2845787964788133,28.869900274171822,12.4241312278409,37.62958540387499,-122.3646134691826,0.1253547704442774,0.0668849583468531,0.6533160608618508,0.8399470014365054,1,1,1,1,0,-0.02703139686720135,1755087405.219671
109,TAKEOFF,0.0875425047172513,0.1276841050947023,2.082510952351976,164.32160804020103,3.320646652711382,16.895672038248588,12.392887750522888,37.62968760237596,-122.36452007287994,-0.0248116115645843,0.035397445382594,0.2380385134830941,0.331700196621465,1,1,1,1,0,0.036067856232568474,1755087405.2621682
110,TAKEOFF,0.1117715339501913,0.1179564614670933,0.6482593303035831,165.82914572864323,3.2152198709607123,40.76612697047106,12.409046613596152,37.62980754441264,-122.3644228841466,-0.0479578426890695,0.0241166025586214,0.0284830228232827,0.6206922938903601,1,1,1,1,0,-0.10542678175066955,1755087405.302871
111,TAKEOFF,0.0260302185875626,-0.109543675115109,-0.9837767208653584,167.33668341708542,3.378619158016569,60.398600054902786,12.407227242522554,37.62991272710453,-122.36432790493582,0.2078318011752754,0.0160690542114673,0.4977997964996615,0.5774773129954591,1,1,1,1,0,0.16339928705585693,1755087405.344565
112,TAKEOFF,0.12817810644895,0.0142503694969916,1.5338772191780194,168.84422110552765,3.367178992749287,-160.0,12.353922462696431,37.630020118644694,-122.3642186853039,0.6635753397910842,-0.65,2.74,-0.0571800349227222,1,1,1,1,1,-0.01144016526728242,1755087405.3859148
113,TAKEOFF,0.1647995567426964,-0.0606416079607777,2.59171893835428,170.35175879396985,3.428730461170808,60.45179509308109,12.431937972957156,37.63010192706546,-122.36413030473403,-0.7986088627607452,0.0340822784781008,0.8156208835319083,1.5583197038316712,1,1,1,1,0,0.06155146842152126,1755087405.42941
114,TAKEOFF,0.1544727199691569,-0.0316469503276969,0.0624086322339997,171.85929648241208,3.4713089002405457,50.73912471537482,12.38880170861958,37.63020415926105,-122.36400364259094,-0.4679101024781987,-0.1398919189709957,0.1530387623673724,1.4233495893866512,1,1,1,1,0,0.042578439069737684,1755087405.472455
115,TAKEOFF,-0.065855997928957,0.0950225615453299,-0.6177240261581449,173.36683417085428,3.450272095011671,5.157401160664638,12.391972764609664,37.63030145490358,-122.36390787444248,0.4835804020692642,0.0445023334454661,0.0359741834993284,1.153049934328015,1,1,1,1,0,-0.021036805228874744,1755087405.515583
116,TAKEOFF,0.0891045082922762,-0.0614813637773942,2.1355159320464496,174.8743718592965,3.4129633471765755,67.33308990771829,12.411737867839854,37.630400258426846,-122.36381281578478,-0.298553279343682,-0.1348739878563968,0.859212228797846,1.5277999380189164,1,1,1,1,0,-0.037308747835095524,1755087405.554296
117,TAKEOFF,0.1304959075809404,-0.0374263448950029,-1.1758724324465577,176.3819095477387,3.5460319192084855,19.196226178464286,12.407470230570642,37.63050916542231,-122.36372304757718,0.5760289868889129,-0.1187454369605793,0.5044377108247684,0.5076877777627226,1,1,1,1,0,0.13306857203191003,1755087405.5964491
118,TAKEOFF,0.1426652343824997,-0.0451713702457663,1.18264871144895,177.88944723618093,3.520719762101598,20.85622420787271,12.405285518907345,37.63062273050901,-122.36362037733714,0.7092476967589443,-0.0198816203965865,0.1826340850520612,-0.2000809136610949,1,1,1,1,0,-0.0253121571068875,1755087405.6360168
119,TAKEOFF,0.0637965452329966,0.0810187169815401,-0.6860590369268266,179.39698492462313,3.571429993856245,31.766494835880845,12.378133339000383,37.630695935161874,-122.36350907457876,-0.4832191426902866,-0.0734128101578954,0.8405516609132148,1.4745221635977137,1,1,1,1,0,0.05071023175464706,1755087405.68134
120,TAKEOFF,0.1132073316477872,-0.0200182095282719,2.299290454437094,180.90452261306532,3.5878649600565966,60.207473407214366,12.39191325730798,37.6307953735836,-122.36341328386084,0.2492726860689066,-0.1242455862399747,0.3900957301543155,0.2140064393657565,1,1,1,1,0,0.016434966200351564,1755087405.7206888
121,TAKEOFF,-0.0451940913356757,-0.1690126889686866,0.7750950970197209,182.41206030150755,3.631162493267392,37.03432787081064,12.364414975870444,37.6308939333404,-122.36331593092268,-0.6073498873598754,-0.122831836912274,0.6875276987182742,0.778067890635017,1,1,1,1,0,0.043297533210795436,1755087405.7623281
122,TAKEOFF,0.0061540904898266,0.86,0.3325951758592602,183.91959798994975,3.562915911935698,33.71562491311522,12.38346727839997,37.631002999162,-122.36322098350136,4.41,0.0410075688813811,-1.985,0.9541789151818264,1,1,1,1,1,-0.06824658133169414,1755087405.805313
123,TAKEOFF,0.1535080793678807,-0.0885523294735839,2.400534803893671,185.427135678392,3.7693900699294143,49.00853668457334,12.353192398868815,37.631102308489986,-122.36310469029227,-0.1760948733827988,-0.0271048984001089,0.0266847560884572,1.533914687552112,1,1,1,1,0,0.20647415799371638,1755087405.846087
124,TAKEOFF,-0.0024696201958287,-0.0072004594064079,-2.6616784144674903,186.93467336683415,3.751360772453007,43.10198850789907,12.383127582026606,37.631212931211024,-122.36300964902168,-0.6432316093309256,-0.026686244321631,0.7952954401502299,0.2130062888641233,1,1,1,1,0,-0.018029297476407358,1755087405.884369
125,TAKEOFF,0.0044862832065471,0.0271945440098768,-1.524587157142421,188.4422110552764,3.8244141842514705,64.82549772164936,12.369542866359009,37.631296185469246,-122.36290665342136,0.6517872923611002,-0.0274832528398758,0.3780029593277931,-0.0258699872470723,1,1,1,1,0,0.07305341179846359,1755087405.92224
126,TAKEOFF,0.1372785069427059,-0.0295108676594016,0.7465173716786409,189.9497487437186,3.897987066364869,12.359618456699817,12.385239948986936,37.63140659952989,-122.3628204287306,-0.2931269404676042,0.0219405312481114,0.1470075313319679,0.261410020901797,1,1,1,1,0,0.0735728821133983,1755087405.965627
127,TAKEOFF,0.122910287365516,-0.1540547005481337,-0.5558833973205558,191.45728643216083,3.8302753847713538,11.448441148719036,12.34253880777211,37.631510919219586,-122.3627197896334,-0.0854956985804696,-0.0834986796652041,0.4288502146632031,1.1959621611444915,1,1,1,1,0,-0.06771168159351504,1755087406.009635
128,TAKEOFF,0.1488780141566204,-0.0930533782695046,0.9757617099264726,192.96482412060303,3.769174669620031,4.687222808432387,12.34697401233531,37.631599353436336,-122.36262527553563,-0.2606544877325137,-0.0012079668679916,0.5741149491671351,1.0170874712003477,1,1,1,1,0,-0.06110071515132276,1755087406.050518
129,TAKEOFF,0.1344957236264814,0.86,-1.323103005945702,194.4723618090452,18.0,14.622701460213127,12.350672071362563,37.63172499482608,-122.3625075680367,-0.1312721027987095,-0.65,0.438922283003781,0.317094082385264,1,1,1,1,1,14.230825330379968,1755087406.090472
130,TAKEOFF,0.0835285438834517,-0.0099156331504974,2.8106672066850535,195.97989949748745,3.859252765904913,31.957798112028335,12.381223102891337,37.63180578323963,-122.36241190759854,0.5634113098399404,0.0248360070237712,0.1011834004057013,1.175429985140003,1,1,1,1,0,-14.140747234095087,1755087406.144017
131,TAKEOFF,0.033242210440736,-0.1061071107442039,-0.2768580441847515,197.48743718592965,3.924655011561343,41.15889348357183,12.309845416062233,37.63191394884206,-122.3623194403986,0.7983744018058958,-0.0151381776399179,0.2149846588726475,0.354329370636449,1,1,1,1,0,0.06540224565643005,1755087406.182139
132,TAKEOFF,-0.0041584477346839,0.0386990645163057,-2.518666867314273,198.99497487437188,3.983881896390736,37.75216990146612,12.391197407892324,37.631996774307055,-122.3621959636404,0.5188379557277321,-0.0346213694039296,0.0854358484739885,0.5048019063250289,1,1,1,1,0,0.05922688482939309,1755087406.2243478
133,TAKEOFF,0.0350771982255833,-0.1148774917397558,2.6788905849369633,200.50251256281408,3.9099408879051194,55.86838790532011,12.35275107171079,37.632089828068416,-122.36211168032888,0.5183583469882811,-0.128138049272453,-0.0272997921584908,1.166228642854336,1,1,1,1,0,-0.07394100848561669,1755087406.267134
134,TAKEOFF,-0.003431973585113,-0.1083482993214606,0.4795498710368167,202.0100502512563,4.057324779692204,43.05289922296623,12.353067517946451,37.63218015472576,-122.36201491131932,0.1656398929441334,0.0751534625901078,0.1346011832516578,0.2592621510529317,1,1,1,1,0,0.14738389178708422,1755087406.3080692
135,TAKEOFF,0.1077061164931698,-0.0008575194002255,0.6548589774256341,203.5175879396985,3.994833926129675,15.790602115885592,12.385481947214132,37.6323115333997,-122.3619284558428,-0.2126412304447003,0.0253298317708692,0.3826761436385255,0.511830142229137,1,1,1,1,0,-0.06249085356252859,1755087406.349945
136,TAKEOFF,0.1589535660933152,0.0998950069043054,2.5677426481442125,205.02512562814073,4.115370775702814,33.10304601551438,12.338377617209591,37.63239438599966,-122.3618052597008,0.0389566847149289,-0.0020410308047055,0.0267960940152138,1.4290745753216842,1,1,1,1,0,0.12053684957313937,1755087406.39378
137,TAKEOFF,-0.0341542412284266,-0.8899999999999999,2.5639376826289917,206.53266331658293,4.1251787090728085,7.754220067240677,12.339249439528349,37.63251203946523,-122.36170135739177,0.6402964557088467,0.0564196284329818,0.2718480938097877,0.3120741558957755,1,1,1,1,1,0.009807933369994082,1755087406.436387
138,TAKEOFF,0.1217601746078626,-0.01926586794106,-0.6127719886047006,208.04020100502512,4.145122458140873,68.77769248587602,12.37117575421298,37.63259488002229,-122.36161157739907,0.5471350943332002,-0.07592684381014,0.6838183670612908,1.0790075964851864,1,1,1,1,0,0.019943749068064953,1755087406.4764822
139,TAKEOFF,-0.0352283499459559,-0.1010246295270376,-2.016806033175776,209.54773869346735,4.1873026210722815,240.0,12.350893369767856,37.63270081569003,-122.36153979430296,-4.39,-0.1689613727025692,0.5946244815715432,1.154613280999487,1,1,1,1,1,0.04218016293140803,1755087406.516777
140,TAKEOFF,0.0009396720223508,-0.0648340094247831,1.271010119876874,211.05527638190955,4.194116626851606,62.34359413449573,12.393596419846023,37.63279005078369,-122.36140931559989,0.7161520553478602,0.0834319480731214,-0.0189085717837524,0.7874391412320498,1,1,1,1,0,0.006814005779324894,1755087406.5597582
141,TAKEOFF,-0.0590192176486432,0.0059998396075471,-0.97860586345634,212.56281407035175,4.220632709236827,59.9839566094658,12.324666632128352,37.632878305589685,-122.361314654003,-0.3660785721463444,-0.0719894687074533,0.8286398055765676,-0.1093038314517135,1,1,1,1,0,0.026516082385220408,1755087406.601614
142,TAKEOFF,0.0841480349139135,-0.1823176667208546,-2.231703621997632,214.070351758794,4.197269215632434,1.740035948786978,12.33599553847283,37.63300013070477,-122.36122084760486,0.6620118312620318,0.0336481468354616,0.5227913039839872,-0.072874892189802,1,1,1,1,0,-0.023363493604392715,1755087406.646089
143,TAKEOFF,0.0450356207369629,-0.0520464170286399,0.8929523365957603,215.5778894472362,4.310076423202257,9.693769861469402,12.32954006604898,37.63310502998064,-122.36110704674118,0.5775074815527105,-0.0891259779388335,0.3085044359378786,0.6504112719175394,1,1,1,1,0,0.11280720756982276,1755087406.685471
144,TAKEOFF,0.156197987861766,-0.0994369500309975,-2.106326605407591,217.0854271356784,4.433985228244734,40.63957685721412,12.329881047348724,37.63318884102557,-122.36101047343244,0.5351747376058267,-0.1179627155473505,0.7301092732159348,0.0375863264029283,1,1,1,1,0,0.12390880504247725,1755087406.732862
145,TAKEOFF,0.1108338309225872,0.1242253762841548,-2.938835366470895,218.59296482412063,4.470884049626642,41.11268318468362,12.372285391881496,37.63331001627215,-122.3609027558128,-0.590620203769161,-0.09975541153768,0.1310615075260183,1.4843905038185443,1,1,1,1,0,0.03689882138190814,1755087406.7771049
146,TAKEOFF,0.1333538412006792,-0.0968723528785931,-1.0686538817058595,220.10050251256283,4.468100930078504,19.645356432659515,12.305126205913618,37.63341646893456,-122.3608219895374,-0.80256007935914,0.0015906676288533,0.4492594230273981,0.8970718545980935,1,1,1,1,0,-0.0027831195481384796,1755087406.8200252
147,TAKEOFF,0.1609121524508465,-0.1221902794950985,0.5235239725466482,221.60804020100505,4.467450884062678,10.570831585681637,12.310214353945998,37.63349769312035,-122.36072925221106,-0.322711533820032,0.0248555449126484,0.0586530151547816,0.1080286337906661,1,1,1,1,0,-0.0006500460158260779,1755087406.8609579
148,TAKEOFF,0.1168813774408888,-0.1372053194459088,-2.744030858160858,223.11557788944725,4.428487551584945,60.25214020324077,12.375810660968083,37.633607651230136,-122.36060787041076,-0.724265289254778,0.0114397876123253,0.6407359134754126,0.5766150733453033,1,1,1,1,0,-0.038963332477732315,1755087406.905246
149,TAKEOFF,0.1456357287867702,-0.1367760744806619,2.325507858933756,224.62311557788945,4.5645998509686025,16.05930146209805,12.332590818222576,37.63369960030872,-122.36051830271523,-0.0934234635794985,-0.0338326518675251,0.4631237656481998,0.0785583238483736,1,1,1,1,0,0.1361122993836572,1755087406.946121
150,TAKEOFF,0.1721343606752336,-0.0921072672272045,-1.037542025082622,226.13065326633168,4.519806687604584,28.494991307122756,12.35237239792255,37.633803598481165,-122.36041451419732,-0.0102069930414035,0.0434822098325075,0.17076403075184,0.7862325118780399,1,1,1,1,0,-0.04479316336401862,1755087406.9906812
151,TAKEOFF,-0.0420838943690149,-0.1692269864454525,0.9774297256831148,227.63819095477388,4.549320043607324,23.152068542604106,12.312205904832808,37.63390451857554,-122.36031060292368,0.2702264021054543,0.6,-0.0198048096173705,-3.8,1,1,1,1,1,0.029513356002739854,1755087407.030692
152,TAKEOFF,0.1085852836971493,-0.0143845381986718,-0.9310384695175328,229.1457286432161,4.5683532162723575,60.351064068917985,12.332493198939543,37.63400258927731,-122.36022177129624,-0.453221059131561,0.07521667116705,0.1266383417655296,0.0696744576494551,1,1,1,1,0,0.019033172665033682,1755087407.074077
153,TAKEOFF,0.1708861954366359,0.0786679644605229,-1.9217915412823916,230.6532663316583,4.61766342158408,53.504832632943234,12.314498042325203,37.63409870178947,-122.36011813410458,0.0219299304610787,-0.0047412789642183,0.4480782649563168,0.7954318385383914,1,1,1,1,0,0.04931020531172248,1755087407.117975
154,TAKEOFF,0.1153595922444225,-0.1708665852723954,-0.7993414443006861,232.16080402010053,4.621455335322607,77.9682751843864,12.28953520166854,37.634209222341255,-122.36002692364704,-0.1559503728524622,0.0336943203294819,0.3359584574786637,0.7668132692536433,1,1,1,1,0,0.003791913738527164,1755087407.16129
155,TAKEOFF,0.0303177947354143,0.1200952046000689,2.4771842120429537,233.66834170854273,4.669177725702198,68.97141943162276,12.331973936905968,37.63429875412768,-122.3599217114247,-0.1498276511068604,-0.0230311721688807,0.4852777526383923,0.1717501858791587,1,1,1,1,0,0.04772239037959114,1755087407.200682
156,TAKEOFF,0.1525939359492596,0.0010891579029268,-1.670627539682023,235.17587939698493,4.649287632503335,76.22217921490092,12.336487920402568,37.6343987877456,-122.35980179321189,-0.2169330016986773,-0.0890153799252046,0.8239935254387378,0.7657140928159988,1,1,1,1,0,-0.019890093198863035,1755087407.243362
157,TAKEOFF,0.026379527064783,0.1461435196758204,-2.211147119148457,236.68341708542715,4.714985156471516,46.23591031864799,12.290638383827623,37.63449700279394,-122.3597345770376,-0.8578786104062122,-0.1337686469837749,0.3878269337129191,-0.1698649485680246,1,1,1,1,0,0.06569752396818096,1755087407.290257
158,TAKEOFF,-0.0039517724133382,-0.159241365022485,-1.473719120559377,238.19095477386935,4.877846918974877,10.370054729710423,12.30767423505979,37.63460577147544,-122.35960997767008,-0.4438702076909527,-0.0829414585454283,-0.0196154363191025,0.5126403549628115,1,1,1,1,0,0.16286176250336126,1755087407.326637
159,TAKEOFF,-0.0472175256162824,0.0809261080738211,-1.0813662772065298,239.6984924623116,4.790490147848134,63.21252436629424,12.342614811400708,37.634712843945096,-122.3595191368182,-0.1572144525371681,-0.1133739778148208,0.51353690623461,0.4484922185744793,1,1,1,1,0,-0.08735677112674356,1755087407.36959
160,TAKEOFF,-0.0929958184836855,0.0447160238701631,0.5304352831992736,241.20603015075375,4.812187574776487,48.21068132822445,12.30252120875671,37.63480780394059,-122.35940445632018,0.4386840996879836,0.0323554313054749,0.5560919628422236,0.3962561014519953,1,1,1,1,0,0.021697426928352748,1755087407.414932
161,TAKEOFF,-0.0116614278056852,-0.1682977654673407,0.5361981691106255,242.713567839196,4.880890070739172,9.273695803783578,12.321499542693,37.634898385223295,-122.35930777727047,0.6045874434070764,0.0113949777145316,0.1751594667675901,0.3032449051499928,1,1,1,1,0,0.06870249596268518,1755087407.455073
162,TAKEOFF,0.1154826246746611,0.86,0.2901265886587978,244.2211055276382,4.919828201637936,-160.0,12.29861720891677,37.63501625697892,-122.35921829260532,-0.7683275153268433,-0.0720916144969012,-1.985,0.7766443104303562,1,1,1,1,1,0.038938130898764634,1755087407.4957492
163,TAKEOFF,0.0353293300633849,0.1383943188879154,-2.83967621466585,245.72864321608043,4.858884421363004,34.071610906000096,12.30966673370236,37.635098826130175,-122.35911496161164,0.6360521746909485,-0.0899641090066361,0.1408087229801611,-0.0919166990893462,1,1,1,1,0,-0.060943780274932635,1755087407.536018
164,TAKEOFF,0.1194612079511678,0.0895581011357656,1.4761021368686131,247.23618090452263,4.93436567895029,17.803788959770095,12.304596068438984,37.63520849704139,-122.35901870370084,-0.3299828305563699,0.066851129995772,0.4065827926406513,0.8894381857598007,1,1,1,1,0,0.07548125758728652,1755087407.578611
165,TAKEOFF,0.0967783049895456,0.0579952231996582,0.0047170811435841,248.74371859296485,5.020788163906034,34.32116273201546,12.306522255353752,37.63528913334371,-122.3589323342621,0.8107514796357077,0.0792643585783014,0.2785254522601111,-0.1596588463908453,1,1,1,1,0,0.08642248495574378,1755087407.62039
166,TAKEOFF,0.0271800087568501,-0.1232541104945373,-2.129082764673306,250.25125628140705,5.018517007081746,10.314680778273017,12.281979545309351,37.63540092829528,-122.35881402513394,-0.6406482183127923,0.0799829723916785,-0.0644578975239273,0.9752271382705486,1,1,1,1,0,-0.002271156824288134,1755087407.6610649
167,TAKEOFF,0.0683317607321201,-0.0397974233369265,1.7240620979525163,251.75879396984925,5.041273581572073,41.248844190392106,12.278482348680775,37.635510511277936,-122.35871253272632,0.5639543118504518,-0.0863017826977566,0.1062123574207009,-0.0189499857287302,1,1,1,1,0,0.022756574490326642,1755087407.7004569
168,TAKEOFF,0.0931785284710966,0.1330968241953347,3.1349958482327467,253.26633165829148,5.143027516596265,33.345631858056294,12.333252279714452,37.63561493868199,-122.35861037799664,0.5429222054261567,0.0659512697797389,-0.0207511911050164,1.4276369562329372,1,1,1,1,0,0.10175393502419272,1755087407.745744
169,TAKEOFF,0.1378515753060185,0.0189468460662277,-0.2268081574821079,254.77386934673368,5.061588748952691,5.78978117339456,12.308986274436725,37.63568535880784,-122.35850476942603,0.2786588877041484,-0.0919532494239031,0.1576854604911671,1.430083281938054,1,1,1,1,0,-0.08143876764357394,1755087407.7866051
170,TAKEOFF,0.0227632957555894,0.1707245916070007,-1.3748640205706626,256.2814070351759,5.129765435458899,3.724537746867207,12.312906967271486,37.63581922136115,-122.35843702251915,-0.8749522601733851,0.0553301275207359,0.3821425886091433,0.983233660227039,1,1,1,1,0,0.06817668650620767,1755087407.831367
171,TAKEOFF,0.1015176522341276,0.0478828611649355,-1.0728126112321987,257.7889447236181,5.129775961209608,29.647728757443655,12.332253150129546,37.63591157441066,-122.35831124058753,0.3424914221543496,0.0151627624305974,0.6510363494085107,1.5448975774551337,1,1,1,1,0,1.0525750709255988e-05,1755087407.87577
172,TAKEOFF,0.0457363973984285,-0.1080134355324239,-0.492579402081967,259.2964824120603,5.260445059695018,56.18293364010146,12.321328716517485,37.63599214783941,-122.35822812702608,0.8850934438710071,-0.0654879297886208,0.3728830898505538,1.245164954821718,1,1,1,1,0,0.1306690984854093,1755087407.916599
173,TAKEOFF,0.002243785437816,-0.1842056656918739,-2.7016742458778698,260.80402010050256,5.118487382046223,21.263790615465066,12.30062729950498,37.636113710593435,-122.35812736571646,0.1410222534446254,0.0327953373402459,0.6248476682726593,1.2695834663137988,1,1,1,1,0,-0.14195767764879452,1755087407.9520938
174,TAKEOFF,0.1192318742768481,0.1186391232778105,-2.9565773816532377,262.31155778894475,5.212724071004707,68.65833864035551,12.298077605433605,37.63619692851796,-122.35800746688729,0.4920012237028289,0.0425624158711818,0.4121309562299409,0.1900210752397302,1,1,1,1,0,0.09423668895848358,1755087407.991518
175,TAKEOFF,0.0934837861817751,0.0969463041465455,-0.705964118736732,263.81909547738695,5.249924061246342,75.3087163456075,12.298162930991792,37.636323897491145,-122.357913297647,0.4644058421683025,-0.0822790523416806,0.1981468403404854,1.2028321831806923,1,1,1,1,0,0.03719999024163556,1755087408.032492
176,TAKEOFF,-0.0188732770476725,-0.0356954991681806,2.729993444267095,265.32663316582915,5.339709644475162,8.28899041697794,12.24580862059733,37.63640604040179,-122.3578238648708,0.5522021644840082,0.0621994481072986,0.3965612548339878,0.2279744641575494,1,1,1,1,0,0.08978558322881991,1755087408.074998
177,TAKEOFF,-0.0524752825395081,-0.1362244728312,2.3560980963497986,266.83417085427135,5.366997190890903,35.799272151518835,12.273133081444293,37.636506090755184,-122.3577309036019,-0.746920223337217,0.0341368277758577,0.5594628954989237,1.406034145362298,1,1,1,1,0,0.027287546415740493,1755087408.117843
178,TAKEOFF,-0.0318369500296604,-0.1135354216809726,2.794531444595825,268.3417085427136,5.436593883866208,71.85387607927733,12.279651650230134,37.63660481135451,-122.35761737091948,0.2284826322959192,-0.0594474913219317,-0.0165607879240465,0.9096183486042572,1,1,1,1,0,0.06959669297530535,1755087408.159147
179,TAKEOFF,0.083144256797299,-0.0641321079084238,-2.749347432903539,269.8492462311558,5.31828328250625,50.58204031637031,12.287144789942536,37.636697304437945,-122.35751667814024,0.1720487735579788,-0.0898696272117956,0.1425985784008134,0.906841534699456,1,1,1,1,0,-0.11831060135995841,1755087408.202694
180,TAKEOFF,0.0648848373765471,-0.1593351310056864,-0.8934747627245521,271.356783919598,5.4646594288434835,66.31361942050542,12.246683821594004,37.63680955836519,-122.35739893378565,-0.288724782995324,0.1011790188522421,0.8184033759032062,-0.0920948818739036,1,1,1,1,0,0.14637614633723395,1755087408.246909
181,TAKEOFF,-0.0455082534777667,-0.1132647974288468,-1.5841974347267418,272.8643216080402,5.442622438946389,20.856671036128265,12.304166606598075,37.63689623986195,-122.35732205087707,0.5660516092110748,-0.0809591283841853,0.1065032868704893,1.1215813731174653,1,1,1,1,0,-0.022036989897094905,1755087408.2878258
182,TAKEOFF,0.0406897261418793,0.1160566295281914,-0.3049346148714129,274.37185929648246,5.454155924066739,9.236784544487696,12.284584854602414,37.63701088326558,-122.35722023172686,-0.727727130672703,-0.15857678775549,0.6975306775479352,1.0834036436096932,1,1,1,1,0,0.011533485120350129,1755087408.3349602
183,TAKEOFF,0.0594990243338411,-0.107608769787924,0.9037423792772892,275.87939698492465,5.5445663663671185,75.38197271219128,12.291109268310343,37.63711125991986,-122.35711704153958,-0.3923594586598949,-0.0053171382203914,-0.1075919870828464,-0.1366600801883002,1,1,1,1,0,0.09041044230037976,1755087408.376058
184,TAKEOFF,-0.029888221393647,0.0415909418564244,-1.3737236748756878,277.38693467336685,5.501731714330554,5.323814871056847,12.260551256287057,37.63720416910634,-122.35702276866154,-0.6607699731513766,0.1022179405121263,0.2704424954758226,0.1242126865977124,1,1,1,1,0,-0.042834652036564336,1755087408.4206002
185,TAKEOFF,0.0552959138355693,0.1258434133668025,-0.6512350713058984,278.89447236180905,5.474043782470464,51.07183247259803,12.282570228199196,37.63731268675566,-122.35693587212664,-0.4380363153063628,-0.1123824397543137,0.431220496702902,1.065417385627549,1,1,1,1,0,-0.027687931860089776,1755087408.465806
186,TAKEOFF,0.0164557943625096,-0.0556831214969678,-2.644849983001885,280.40201005025125,5.589529276558893,-160.0,12.28243864097503,37.63739226370869,-122.35682821298136,4.41,0.0439881532041386,2.74,0.0930862667154998,1,1,1,1,1,0.11548549408842845,1755087408.510541
187,TAKEOFF,0.1180729670134911,0.1300779005045226,-0.4892798588990419,281.9095477386935,5.563302412191773,67.15881325502528,12.244380902123591,37.637508339912586,-122.35669858651002,0.1410540940307693,0.0087532985357038,-0.063996151913065,1.0303908474537264,1,1,1,1,0,-0.026226864367119518,1755087408.552774
188,TAKEOFF,0.0629391089057971,0.0137940438200377,-2.4129264152183163,283.4170854271357,5.635895917489179,48.82593610053328,12.257997607256405,37.637605865844606,-122.35660412901927,-0.6016710608164664,0.0446641089110936,0.3829114917786979,0.1161636814474248,1,1,1,1,0,0.07259350529740605,1755087408.595215
189,TAKEOFF,0.0892472481093568,-0.1207782467321917,-2.339500545589458,284.9246231155779,5.717070200499113,16.55609559897435,12.223382497380422,37.637705078459796,-122.35652294026735,0.4734594553156251,-0.1291361955322198,0.0176493295983325,0.512046110843197,1,1,1,1,0,0.08117428300993357,1755087408.636296
190,TAKEOFF,0.1433472289689896,-0.1981715589297507,0.920600463311231,286.4321608040201,5.744243203361109,23.603996099159204,12.234577180260828,37.63780621512432,-122.35643395331532,0.0882669500461606,-0.1629489836420863,0.2770858404098268,0.1036571190560422,1,1,1,1,0,0.02717300286199631,1755087408.682503
191,TAKEOFF,0.0398868416031605,-0.0757676292473353,-1.9370546569573617,287.93969849246236,5.838138942298174,77.83584570012148,12.270336487455134,37.637904511052,-122.35632006300382,-0.4063060415458842,-0.0013790372984357,0.1518453200972831,0.258998298017079,1,1,1,1,0,0.09389573893706515,1755087408.7283561
192,TAKEOFF,0.1700880390042036,-0.1381218929909718,0.6164135606044764,289.44723618090455,5.778961986270916,7.13451622516109,12.250636253769857,37.63801618773953,-122.35622098039596,0.8230854491241067,-0.1181339331164712,-0.0964992903374511,1.070898543165246,1,1,1,1,0,-0.05917695602725814,1755087408.768918
193,TAKEOFF,-0.0167113225431632,-0.0866500381155038,2.7831651293611923,290.95477386934675,5.742428897859542,32.3179500495387,12.231967766248491,37.6381107028911,-122.35611659198936,0.3109365978353225,-0.109336814059787,0.4443579579477481,0.0948667020599647,1,1,1,1,0,-0.03653308841137459,1755087408.8138828
194,TAKEOFF,0.1505478331814236,-0.0695146897058363,2.4251024001814367,292.46231155778895,5.811441388323995,18.399423232506813,12.230135539097946,37.63818931840996,-122.35602509278678,-0.3618646464730459,0.0289793682374107,0.7409817092251901,-0.0051438938606212,1,1,1,1,0,0.0690124904644529,1755087408.854722
195,TAKEOFF,0.165510738851981,-0.036870787886639,0.9241412326868996,293.96984924623115,5.833427773693309,33.588804263337025,12.2760409668188,37.63829173677485,-122.35590477616138,0.0759489706414678,-0.0518287604425479,0.6581049755028284,1.1446068783012775,1,1,1,1,0,0.0219863853693143,1755087408.895506
196,TAKEOFF,0.0682270495834481,-0.1644137486597053,-0.7591812957338097,295.4773869346734,5.848656480770555,31.40284291261733,12.269521513737113,37.63840852165847,-122.35581394292,0.0132012701873899,0.0624179078834771,0.4190504202302792,-0.1349478979233995,1,1,1,1,0,0.015228707077246106,1755087408.938098
197,TAKEOFF,0.0971875257695269,-0.0496448793520014,-1.0989940932704068,296.9849246231156,5.961466852213084,27.908941916683535,12.226665387398064,37.638507858559834,-122.35573655462228,-0.2938499607856972,-0.0544897325917929,0.2814870582704717,0.3046013514659775,1,1,1,1,0,0.11281037144252881,1755087408.974667
198,TAKEOFF,0.0320987972147572,-0.1894200465955274,-2.705165070234715,298.4924623115578,5.937587629332893,34.62619773154315,12.253922010153738,37.63860039031941,-122.35560610388052,-0.4763632944613697,-0.035148235298964,0.7620847865573342,0.8231886805969272,1,1,1,1,0,-0.02387922288019073,1755087409.019007
199,TAKEOFF,0.1390518462252686,0.0853688574705014,-1.6768949729602969,300.0,5.90113135916565,15.653675536941506,12.23847280745929,37.63869327697169,-122.35551602852206,0.398293949313954,0.008159437690797,0.4820414207270426,0.0149437326888154,1,1,1,1,0,-0.03645627016724351,1755087409.060729
200,ON MISSION,-0.2310815020020657,-0.2438251812285795,-2.900569308604537,291.54451600904184,6.534969155491709,88.8375304179918,12.243787771384602,37.638785765597,-122.35542060737586,0.2017895532122561,0.0340881546803782,-0.7756505568678834,0.1019497545831845,1,1,1,1,0,0.6338377963260591,1755087409.105189
201,ON MISSION,0.007590262567775,-0.2636828044171908,-1.161299107967115,298.1767499087446,6.524303225315512,63.16543478686376,12.250430840840576,37.63889926562956,-122.35531542147046,0.7304363228143684,-0.1770340259495,-0.4865354339607788,0.2506255081185723,1,1,1,1,0,-0.01066593017619688,1755087409.143341
202,ON MISSION,-0.0116312159402328,0.1159095795886342,-2.1165460821383717,299.79598954637737,6.490428078381405,87.02519806368319,12.255769452304264,37.63901300023012,-122.3552351246334,-1.0649415833580052,0.0305052941356533,-0.1404901272062891,0.732218278199701,1,1,1,1,0,-0.03387514693410676,1755087409.185246
203,ON MISSION,0.1303735042571889,0.1014116881426014,0.1946068197356148,300.52397770354304,6.416226893359271,85.0661891104088,12.213479907483544,37.63912554611144,-122.35512280771076,0.5918414376212425,-0.170278721965271,0.083535369531016,0.98784971709041,1,1,1,1,0,-0.07420118502213402,1755087409.2312891
204,ON MISSION,0.1970983669425194,-0.0901803978739605,2.7061967859710157,294.1632019977135,6.486115658190246,76.3678035677875,12.243062811821384,37.63920492781075,-122.3550060290045,-1.1155465945090366,0.0773211168998875,-0.3558130022283344,-0.9300102817291164,1,1,1,1,0,0.06988876483097517,1755087409.2739599
205,ON MISSION,-0.086278164642123,-0.0129849104136447,-0.9263690253396744,303.2511332954546,6.40273628185113,91.92624657693744,12.250567550877635,37.63929716730811,-122.35492269787808,-0.8790139575245733,-0.0977513749135283,-0.5782274534957348,0.9472963689460844,1,1,1,1,0,-0.08337937633911618,1755087409.3185909
206,ON MISSION,0.0457880645728295,-0.0712306075942907,2.948655803713271,293.7516432076838,6.567824484433655,37.2948561872963,12.227169571597589,37.639393178841416,-122.35480956707217,1.02254730437418,-0.0646168927244829,0.3323779222435988,0.5470929829225426,1,1,1,1,0,0.16508820258252488,1755087409.360878
207,ON MISSION,-0.1610651402692553,-0.2958766310474677,0.8809837375250401,298.84979392452755,6.6552706640543144,77.18627619571453,12.219895385030933,37.63949794952882,-122.35471467266552,0.8565020613278714,-0.13427799209923,0.7848921835740841,0.6865474647169714,1,1,1,1,0,0.08744617962065959,1755087409.4031081
208,ON MISSION,0.0760241713337673,0.1583864011335138,-3.044591016500889,306.7082936022836,6.470382729314288,37.65831577127488,12.19938699392674,37.63960505831692,-122.35462116297894,-0.6440747084397298,0.2107892316974706,-0.333435287866478,-6.5,1,1,1,1,1,-0.18488793474002652,1755087409.448085
209,ON MISSION,-0.1990369943266291,-0.0709480776732415,-0.1143274249285424,296.44121348995526,6.458445855902133,75.9850629570578,12.193537743176442,37.63969376059513,-122.35451017270708,0.7006266779542508,-0.0658385840284884,0.3585490447493391,0.7668217831526376,1,1,1,1,0,-0.011936873412154547,1755087409.49317
210,ON MISSION,-0.1701640021453428,0.0154638640169745,1.8683476339474616,297.3749916101561,6.476152317890083,97.45292119498195,12.218278962423192,37.63982332680149,-122.35442253889616,0.7197576367504113,-0.196819605573174,0.71891435492377,-0.1965122147630989,1,1,1,1,0,0.017706461987949673,1755087409.5343318
211,ON MISSION,0.1903247062081142,0.1087136143276845,2.2422232869439274,305.5167653866879,6.52745691322582,87.89387622883373,12.248655773631528,37.63990138932237,-122.3543188919126,-0.8910777222896004,0.13811503535914,0.7353799886053969,-0.778988810711929,1,1,1,1,0,0.05130459533573717,1755087409.576276
212,ON MISSION,-0.080926638737155,-0.0318736501165045,2.1544738486887693,298.0264325259126,6.497575600422315,31.942971257396064,12.251333811838595,37.640002607327695,-122.3542233306818,-0.3324846400352074,-0.0572567315359307,-0.6490391549129834,-0.2724476772120432,1,1,1,1,0,-0.029881312803505367,1755087409.619037
213,ON MISSION,-0.056199704288847,-0.0596931098673912,1.5162297380154244,298.4737180742724,6.417330531587203,91.18437535544736,12.209416123326983,37.6401102992642,-122.35411026893328,0.9903501137651494,-0.1782480252602433,-0.2720755918093949,1.0878799146502165,1,1,1,1,0,-0.08024506883511151,1755087409.6601112
214,ON MISSION,-0.2056780873176296,0.0194490265523747,-2.5618889409747747,301.13679342504855,6.429140109538857,71.81477714248324,12.21420375291062,37.64020706453808,-122.35402306286532,-0.9520643336442184,0.1909238310967132,-0.4262827820222058,0.1817590038458668,1,1,1,1,0,0.011809577951654049,1755087409.7022982
215,ON MISSION,-0.0128539567359576,-0.193985019189687,1.487989983154915,305.3920955324733,11.811336213046026,60.416035017316425,12.215221225486715,37.64032832222235,-122.35391645910468,-0.3524864161077009,-0.1354653819002192,3.99,7.0,1,1,1,1,1,5.382196103507169,1755087409.747414
216,ON MISSION,0.0068605344823907,-0.0126951890203187,-2.087897515155577,288.6768704452177,20.95,72.96870941282246,12.188469373538004,37.64040058066208,-122.3538148280017,1.0011386234551145,0.0024552747769007,0.0702663729998892,0.411678554241259,1,1,1,1,1,9.138663786953973,1755087409.790414
217,ON MISSION,-0.069719827883782,-0.1816412123041491,-0.4445125881767414,295.74414423732946,12.928929123332344,92.27228280702072,12.174476907106436,37.640498773506366,-122.3537204292832,0.0385821771468639,-0.0794813037067764,0.2457497445331959,-6.5,1,1,1,1,1,-8.021070876667656,1755087409.8350568
218,ON MISSION,0.1145473823522588,-0.1947414572102672,-2.547514808137172,294.82543279593017,6.224433377840974,39.30596188145357,12.184136381876405,37.640614090076234,-122.35362133005954,-1.089417144399759,-0.1719982189454511,0.1281577215222895,-0.8408497657751605,1,1,1,1,0,-6.70449574549137,1755087409.88054
219,ON MISSION,0.2207008081105247,-0.1578663520553279,-1.0310176397971906,294.4279325945827,6.356981861335469,62.635970244384055,12.21877811161885,37.64070937246311,-122.3535196492996,-0.992567392899347,0.0048681658350544,0.3296334641683912,-0.7496554680413541,1,1,1,1,0,0.132548483494495,1755087409.922865
220,ON MISSION,-0.0080822289781686,-0.273763212048221,-2.768083818506424,295.61108262327645,6.311342725574503,69.5706792290157,12.236906703061685,37.64080089078498,-122.35343321548056,0.4919399935748588,0.1735188849055262,-0.7062737641989159,1.1376733724868917,1,1,1,1,0,-0.045639135760965566,1755087409.9643462
221,ON MISSION,0.0645587119897342,-0.2264360934334132,-2.577030647176701,295.69225845547385,6.440576282593812,88.64025380328252,12.178840251432897,37.64090145756043,-122.35332724546294,-0.9748013858047384,-0.0493187698907628,-0.7606062351471597,0.283431468793873,1,1,1,1,0,0.12923355701930905,1755087410.0085068
222,ON MISSION,-0.1009967029079159,0.0539077928434282,1.993100933959726,301.5460802560012,6.3778610432518255,38.02976622267769,12.216065718614038,37.64099869825119,-122.35320772899736,-0.6759532645374872,-0.03184190027006,-0.0275428512050612,1.092358395420912,1,1,1,1,0,-0.06271523934198697,1755087410.05298
223,ON MISSION,0.0662533215292691,-0.1987764838517502,2.56195123274589,295.4393615226416,6.495067647520193,77.22042285913912,12.195778480906222,37.641115991751974,-122.3530760839369,-0.1733460843043201,-0.078544959251978,0.68325415109204,1.4273786023794957,1,1,1,1,0,0.11720660426836726,1755087410.100779
224,ON MISSION,0.1169439063321329,0.0645612804703902,-0.3755121089963679,300.6279213898072,6.543258021247738,88.21786669826501,12.22636268001608,37.64121609807556,-122.35302286212284,-0.4341469541265569,0.1023076959337281,-0.2913865831702811,0.7914447827757903,1,1,1,1,0,0.048190373727544866,1755087410.1366
225,ON MISSION,-0.0165299929389076,-0.2353346433475732,2.7689610170175105,302.0571028743595,6.445079814617561,35.68669957820774,12.200900204050356,37.641290372157314,-122.35291707876743,0.1958711555222353,0.0538795050211054,0.2930128662156214,-0.4383199913372666,1,1,1,1,0,-0.09817820663017685,1755087410.1785312
226,ON MISSION,0.0279722046451802,0.1049510563845148,-0.368258684184891,296.25973409659065,6.246399017662703,36.362899405337465,12.196574457291376,37.64141736976541,-122.35282556881066,-0.6337996462621326,0.1834793092456451,0.7852134109432501,0.8454726556962485,1,1,1,1,0,-0.19868079695485807,1755087410.222442
227,ON MISSION,-0.0571863240661157,-0.240039205825107,2.9821739245559873,300.669380877067,6.495072669083443,79.43226732355319,12.16834232827657,37.64150732598767,-122.352730594257,-0.6405108633949189,-0.0718362536546552,-0.7889694528980831,0.1376268143539374,1,1,1,1,0,0.2486736514207406,1755087410.266463
228,ON MISSION,-0.0954371155016821,0.085668281356327,1.9623060968722863,308.3875955772304,6.623733349605407,73.00004734404813,12.165815095618704,37.64161322588427,-122.35263747316009,0.9809742754657556,-0.0480889584544139,-0.3030887302213716,-0.0107612034550642,1,1,1,1,0,0.1286606805219641,1755087410.307334
229,ON MISSION,0.1492091167016425,-0.1604783051243958,-0.4202556847404818,301.65026982106053,6.460948738968801,37.24284746391825,12.171096176145602,37.641698100847776,-122.3525311532038,-0.838242186286767,-0.2189038981937653,-0.5637111752301525,1.369427109068835,1,1,1,1,0,-0.16278461063660643,1755087410.348146
230,ON MISSION,0.0574236594432484,-0.0247093458927641,2.5658330140567935,296.7351028807004,6.323761034945106,42.19134628359812,12.181304067783293,37.64178361197675,-122.3524297726768,0.9236779363663506,0.0170234277356663,0.3075924347151102,-0.3478701853606444,1,1,1,1,0,-0.1371877040236953,1755087410.3906748
231,ON MISSION,0.04397002315502,0.0931024866234091,-0.1281926326576119,299.66739694460426,6.41023288750661,50.667349770629926,12.186831325005466,37.64191632217336,-122.35230916780174,-0.5329652877586001,-0.0143229692376377,-0.3674005243142209,0.4616769779836943,1,1,1,1,0,0.08647185256150447,1755087410.434507
232,ON MISSION,0.1757173928845157,0.1473901390233584,-3.08658863672918,295.3102898360392,6.4413645082828,75.42538077227732,12.18684618777684,37.64200377315108,-122.35221172724252,0.0822702604726828,-0.2302732177181266,-0.3491536624109488,1.416092011150022,1,1,1,1,0,0.031131620776189806,1755087410.476944
233,ON MISSION,-0.1769901888397447,0.0928406214811855,-2.1726477546244514,301.38568108680704,6.361711310771562,72.53391029896574,12.172646514450207,37.64209809923435,-122.35211697988716,0.7981917731943896,-0.1880775968394939,0.6746424388233248,1.1652511880451406,1,1,1,1,0,-0.079653197511238,1755087410.521237
234,ON MISSION,0.0683613366380713,0.0347995560846537,-0.8112593637798552,304.4122456972367,6.581872010058953,57.295207938598544,12.17858834532975,37.64221530532837,-122.35203232533512,0.8131818231455341,0.108393413580489,-0.1708603108951339,1.5047432541168957,1,1,1,1,0,0.22016069928739146,1755087410.561646
235,ON MISSION,-0.1131589496306512,-0.1308336080827994,-1.7068776166447088,295.8102785262387,6.417766468304935,44.90059433248541,12.159162319707724,37.64231197744642,-122.35190993324912,-0.8143762089645775,-0.053592407767889,0.1353055028131276,0.0502069341508093,1,1,1,1,0,-0.1641055417540187,1755087410.603769
236,ON MISSION,0.0567860175518953,-0.143197668472166,-2.692796881745371,298.9302808235984,6.447813902531461,82.05400460993373,12.156462692075577,37.64241956261402,-122.3518051624736,0.5495166742832283,-0.0293719454837152,-0.295106718678792,0.4234776030877894,1,1,1,1,0,0.030047434226526448,1755087410.644033
237,ON MISSION,-0.0302696319337577,-0.2223976697733009,-3.0349917765694885,305.6864807052686,6.540572734622859,71.45904336055273,12.165674478524233,37.64248124590727,-122.3517203490059,1.022961954213118,-0.1579346738746014,-0.1805587060071531,1.456311597679348,1,1,1,1,0,0.09275883209139746,1755087410.6859279
238,ON MISSION,-0.1058449910960978,-0.2437483998492516,1.5917685073144838,297.4575714540366,6.417858812319577,100.20438619968677,12.146631611682048,37.64261947975429,-122.35164210109949,0.4047926817560664,0.2087685324975688,-0.1007418807971088,-0.2370661132455354,1,1,1,1,0,-0.12271392230328182,1755087410.727375
239,ON MISSION,0.1550791071762646,-0.2952687097293559,-2.1382373321402772,300.9605125150512,6.383807793024716,90.56353038582762,12.165727991935556,37.64269452647184,-122.35152441688176,0.3763688122334417,-1.06,-0.37167990237872,-6.5,1,1,1,1,1,-0.03405101929486065,1755087410.768738
240,ON MISSION,-0.0932402106048216,-0.2747868865158315,1.6185069719999066,294.7693459997261,6.438772503471282,44.524066916166824,12.15024464842801,37.642806936979404,-122.3514235669963,0.3077571826584306,-0.0490402901320387,0.0253945505978454,-1.0532012848602312,1,1,1,1,0,0.05496471044656559,1755087410.811842
241,ON MISSION,-0.2126950731019953,0.012676867153059,-0.5044510604694187,295.81607111378514,6.4857264730358475,50.2225315292492,12.212883758272907,37.64290320932615,-122.35131422612722,-0.8346798133300647,-0.0943156594919056,0.1560919306394484,0.200412171677434,1,1,1,1,0,0.04695396956456577,1755087410.8532171
242,ON MISSION,-0.0567526779820262,0.0222840497313082,-2.701606175217861,297.3826840521793,6.384905949175331,43.48762640795051,12.15556157807205,37.64301977835913,-122.351199240217,-0.2482837783978156,-0.0886247913970802,0.7558663918823614,0.654433595758084,1,1,1,1,0,-0.10082052386051643,1755087410.8961012
243,ON MISSION,0.0477327550471603,-0.1490530105237575,0.7077955915395497,310.88160011607147,6.498326023740021,53.021253212392,12.177676642648631,37.643117779158146,-122.35111089641369,0.500129991440841,0.0889584912887549,-0.0455516297964045,-0.7728128022067022,1,1,1,1,0,0.11342007456469005,1755087410.939473
244,ON MISSION,0.1509081619155766,0.1509727114113776,-2.8718940147062706,297.9547492933174,6.547183907432184,84.44582759217292,12.17531511519454,37.643205320742815,-122.351019002442,-0.5283265007428736,-0.0271562509910687,0.2184119311300891,1.2054063060339968,1,1,1,1,0,0.04885788369216293,1755087410.9792142
245,ON MISSION,0.1151666627595678,0.0213463319806532,0.6281802115397946,297.3502065696519,6.322096217599152,80.27192832166887,12.140753288590304,37.64329784134542,-122.35091900325334,0.2285817157338802,-0.2053022160275856,-0.009526246510521,-0.3443632853519605,1,1,1,1,0,-0.22508768983303185,1755087411.021852
246,ON MISSION,-0.1321634300904279,-0.100899039827465,1.4907653128686351,297.1840323576143,6.625860150827468,79.59060706949055,12.188066739488251,37.64340905924201,-122.35083713515796,0.0603263169134467,-0.2149070468755005,0.4276937656018217,-0.4869877787679306,1,1,1,1,0,0.30376393322831596,1755087411.0610921
247,ON MISSION,-0.12941293526644,-0.2236098636988608,2.417545485418706,299.17198822970863,6.539728678169224,95.33802675463772,12.157057774740494,37.64350861007967,-122.35071416885243,-0.2088381447241005,0.1925295914375223,-0.1902793575789203,-0.6019176520789148,1,1,1,1,0,-0.08613147265824406,1755087411.101085
248,ON MISSION,-0.140888730478031,-0.0714011953362551,2.362829043592386,303.2796505917646,6.4319155675128865,54.505249338308495,12.150452272738184,37.64360583405709,-122.3506164728905,-0.8252106146967293,-0.1975846400258324,0.288031795933498,0.7861961805889156,1,1,1,1,0,-0.10781311065633759,1755087411.142166
249,ON MISSION,-0.1425427407451059,-0.1701367667386685,-2.6690008582038405,300.94745218501765,6.655673160879332,59.49487274345586,12.148388351119449,37.64369888979017,-122.35051294826371,0.819332662184045,0.0441521536649447,-0.6521895998992233,-0.8099569228661453,1,1,1,1,0,0.22375759336644574,1755087411.214032
250,ON MISSION,-0.2293237924369645,-0.0397171187395801,-1.8518057606043477,310.289073373502,6.607786789756081,39.11597203304522,12.181727774272868,37.6437996796671,-122.35043725923742,-0.9020989522227524,-0.1429623284400531,-0.6830516418494498,0.0936605077909618,1,1,1,1,0,-0.04788637112325134,1755087411.2551901
251,ON MISSION,-0.1959371047589439,-0.1399877028290062,-2.315815552184106,301.06897223366457,6.35112466072898,41.874562076179416,12.183551910752003,37.643903609973165,-122.350340202925,-0.1912370648613608,-0.1534298497573419,-0.6160280758246495,1.439755000500878,1,1,1,1,0,-0.2566621290271005,1755087411.298348
252,ON MISSION,-0.0776627814533613,-0.0941007845522278,0.0872342432474031,307.23702074678283,6.448989202753445,92.54176703038696,12.156092241452248,37.6439995931756,-122.35020441705048,0.5553516916905559,0.1053454526001021,0.3263977016982655,0.323136143609546,1,1,1,1,0,0.09786454202446482,1755087411.33829
253,ON MISSION,-0.1623836315197881,-0.017749358007335,-1.248903551985489,301.3835555801243,6.5175596466089285,77.60703924721042,12.125137234315437,37.64410662028331,-122.3501125390758,-0.1288791838780559,0.122920331835761,-0.4033599534232348,-1.060478380567322,1,1,1,1,0,0.06857044385548328,1755087411.3819048
254,ON MISSION,-0.0778451056043953,-0.1449372097532145,3.115695673903293,303.02790749223726,6.553539052053633,48.49751587967457,12.149565048847732,37.64418953107378,-122.3500153898726,-0.9502820880473188,0.1393792147676285,0.4986532177474226,0.8518158064443407,1,1,1,1,0,0.03597940544470468,1755087411.424958
255,ON MISSION,0.1844463309914933,-0.0359611963503399,0.6470717381906982,292.7820003014334,6.579300028629605,70.17771111428753,12.141969670336964,37.644310919095446,-122.34991240260705,-0.3125322714615522,0.0751309079605122,-0.1823124798247882,0.6807927988049756,1,1,1,1,0,0.025760976575972094,1755087411.465209
256,ON MISSION,-0.1152554110239482,0.0054130983522279,-2.865591775686856,299.3647027593041,6.551310620637444,82.36531030399715,12.133832678186296,37.644397001887505,-122.34980983992097,-0.0499127717435423,0.0139651786452601,-0.3633463572014415,-0.7021239646513395,1,1,1,1,0,-0.027989407992161652,1755087411.507942
257,ON MISSION,-0.021113111618309,-0.0716979837042874,2.3850418079084363,299.655261296856,6.542757940417965,36.25333644925161,12.133249382793132,37.644505174884074,-122.34970106597936,-1.1441345958694793,0.1491927497174807,0.0683546313549059,1.1939338727618003,1,1,1,1,0,-0.008552680219478859,1755087411.547991
258,ON MISSION,0.0862255997415172,0.1292881969872344,1.5025776235613364,298.78521496551264,6.690759726124872,56.22184937569895,12.151833125542636,37.64460991111851,-122.34962189307196,0.3479088554203196,0.0255879701794021,0.468752096620802,0.0592015173877752,1,1,1,1,0,0.14800178570690736,1755087411.592073
259,ON MISSION,-0.0596197341590369,-0.14416469297384,-1.0533975157939628,289.2356068640457,6.402358572718531,57.41938163187597,12.163116635431338,37.64469344381685,-122.34952136409495,0.9491081918730816,0.0112750793938674,0.0249724409922242,-0.1905200380591195,1,1,1,1,0,-0.2884011534063413,1755087411.6321988
260,ON MISSION,-1.19,1.0799999999999998,-1.8922034099474805,304.4031223093633,6.512442492587319,89.38982429331358,12.12999742244678,37.644808844489944,-122.3494347149976,0.4924021343207123,-0.0384903469437887,0.1405606780384275,-0.1113677132248591,1,1,1,1,1,0.11008391986878863,1755087411.673694
261,ON MISSION,-0.1094106086333593,-0.0768463055710422,-2.5589797576147997,298.0642483515891,6.577986755343943,90.40660489472673,12.132686059787376,37.64492371716931,-122.34930344518256,-0.1421219473684063,0.1140140813726268,0.6096254398005987,0.7764338500623262,1,1,1,1,0,0.06554426275662362,1755087411.7166731
262,ON MISSION,-0.0088677385184511,-0.2259893886428957,-1.608180131984852,297.80964338876845,6.5510842727375636,82.77594126721114,12.129984551393058,37.64499716238626,-122.34922627863398,0.9122396000283912,0.1667362331571648,0.0641560210825792,1.3226629711142306,1,1,1,1,0,-0.026902482606379508,1755087411.75911
263,ON MISSION,-0.1106900890579797,-0.0273339809148651,-2.131375883881823,298.7241426947992,6.356222028448601,97.25133987410727,12.113444661514569,37.64511138725541,-122.34913045842752,0.9757676179859874,-0.135073970094294,-0.5966990052084907,1.218511048315034,1,1,1,1,0,-0.19486224428896293,1755087411.803293
264,ON MISSION,-0.2232149253673099,-0.0204627570707052,-2.755872895470718,298.8596040556278,6.437828888398397,69.86675785323615,12.152038207667989,37.64521050660555,-122.34900304580906,0.2912166482169402,0.0592686861220043,0.1865602669637756,0.544958234404795,1,1,1,1,0,0.08160685994979655,1755087411.8494248
265,ON MISSION,0.0477764992393011,-0.2693466984318474,-3.0372510869135287,302.03549210394374,6.496691573763832,63.26792169903976,12.104979256043755,37.64530651912777,-122.34891350822596,-0.7453494483472237,-0.1283488522931679,0.7017189417119942,0.5646230132809964,1,1,1,1,0,0.05886268536543504,1755087411.892006
266,ON MISSION,0.2020877992098316,-0.2528011427595386,0.591053195971439,293.6448387421737,6.650399266685836,80.07274147834849,12.131972592988191,37.64539665014586,-122.3488136700942,-0.6869469599675606,-0.1237202508202554,0.6172957352829131,-0.7638225781726975,1,1,1,1,0,0.15370769292200404,1755087411.935879
267,ON MISSION,-0.2260555697251123,-0.1995635878714794,2.906979353968139,295.344789715415,6.590065546161906,88.94749904994708,12.13283279267556,37.64548982992928,-122.34872789315943,0.9229574226568852,-0.0630772609403986,0.5952187383798706,1.5213893737970017,1,1,1,1,0,-0.06033372052393027,1755087411.974779
268,ON MISSION,-0.0066284943095909,-0.1891143689624772,-0.0682779875331866,301.453166479497,6.2805812665213505,58.72184819115328,12.10626939084828,37.645605822420144,-122.34861887804888,-0.0220076236421858,0.1265801179847575,0.7090319393205377,0.1892564128170062,1,1,1,1,0,-0.30948427964055547,1755087412.0184
269,ON MISSION,0.118131227393611,-0.1091566274805705,-2.8329806792507357,300.72791405660183,6.406553672744979,48.3230278482073,12.11314681119946,37.64571759935014,-122.34852458096816,-0.5964766682204757,-0.106578703630268,-0.0018339418781899,0.9566933693295356,1,1,1,1,0,0.12597240622362893,1755087412.059503
270,ON MISSION,0.0676866097916781,0.1295961013181814,-2.07410519056689,298.11672595545633,6.56545961511553,46.24350899704787,12.143820556337822,37.64581798034806,-122.3484135886241,0.506016910049025,-0.0608341825213431,-0.5284246303859991,1.3403312914260752,1,1,1,1,0,0.15890594237055033,1755087412.1016169
271,ON MISSION,0.0588028690612241,-0.2380260916336812,1.9513677640881744,297.13043797179506,6.306234920019313,88.65494619631552,12.089010789649771,37.645909938118976,-122.34830611228892,-0.0168473514319985,0.0837265750666427,0.486371955417537,1.3362788189883197,1,1,1,1,0,-0.2592246950962167,1755087412.1457732
272,ON MISSION,-0.0369384395261691,0.0244435348226497,2.1660168876435204,295.82787648415035,6.519517520313896,46.19882376284114,12.087846467681834,37.64600906353822,-122.34823732756564,-0.9854191881807526,0.0486949871583436,0.0120249511021726,-0.4247604571467129,1,1,1,1,0,0.21328260029458335,1755087412.18198
273,ON MISSION,0.0840685783302618,-0.1844784331507873,2.907356925759017,299.70822418052165,6.506105661348287,44.365718494271746,12.103621239471382,37.646104867381794,-122.34810411138676,-0.3670332320965103,-0.0517858003438527,0.4220797817102134,-0.9027057019837184,1,1,1,1,0,-0.013411858965609369,1755087412.22381
274,ON MISSION,-0.1475416920573161,0.0319681632502047,-1.5900340056299922,305.90366236595725,6.666347346310481,56.98546294191124,12.091006056352509,37.646214423790106,-122.34801380628492,-1.0430439997261305,0.0090738649659336,0.0244554581901412,-0.1633393920427046,1,1,1,1,0,0.1602416849621937,1755087412.268606
275,ON MISSION,0.0026677042597035,-0.2709797365411335,1.5633554699061003,294.70974624310475,6.5138847053608355,67.22519142940355,12.10202892474694,37.646297316235454,-122.347919379019,-0.429674964410041,-0.011317248429736,-0.5586379188022809,-0.2468812045647445,1,1,1,1,0,-0.15246264094964523,1755087412.312568
276,ON MISSION,-0.2282426378097466,-0.2359633732601473,-3.1338194690277685,307.6165902332508,6.510673732399008,64.70491218599109,12.106035326205074,37.64639682610754,-122.34781565762243,-0.4040965063236833,0.0745024766764779,0.4079837571404117,-1.009909597188676,1,1,1,1,0,-0.003210972961827707,1755087412.3515651
277,ON MISSION,0.0489383361893665,0.0993694978950394,1.7133265177260155,304.21990732690216,6.567953402172819,70.85059354317855,12.086465292543272,37.64653772552448,-122.34772063868355,-1.027694840588531,-0.1118090652693321,-0.7700690386171087,-0.8286006302068892,1,1,1,1,0,0.05727966977381094,1755087412.393625
278,ON MISSION,0.1742370052396871,-0.1219119714161024,2.899565612372137,297.7351813134503,6.513625924460717,32.06697691637902,12.07188459508207,37.64659744413788,-122.3476205466664,0.2255115380319383,-0.0835230633108147,-0.2934577682940466,1.2302784603395502,1,1,1,1,0,-0.05432747771210167,1755087412.436299
279,ON MISSION,-0.1147435068026603,-0.1809094955624458,-0.5540227748539011,303.9153743773154,6.665030726042652,50.08806698868194,12.111824655816935,37.64669606945616,-122.34751480777406,-0.34414332148528,-0.1383673726857257,-0.2695039140408055,1.5417242948466845,1,1,1,1,0,0.15140480158193448,1755087412.480758
280,ON MISSION,0.1634838431567459,-0.1747938362268357,0.2674406943859064,292.67048291568955,6.4648969151631,90.67715763929932,12.073422731358027,37.6468078186956,-122.34740780026031,0.7351733564227527,-0.1813806186163598,0.0959298570189893,-0.4673705987186754,1,1,1,1,0,-0.20013381087955118,1755087412.5253062
281,ON MISSION,-0.1728531628994069,0.0718556778361619,-3.0727919736962908,291.3421252741938,6.5589890731148275,41.34070578425682,12.08562113288273,37.64690540366756,-122.34732801646123,0.3188663200432218,0.2147926968193627,-0.5603720763063401,-0.9515633547411136,1,1,1,1,0,0.0940921579517271,1755087412.569682
282,ON MISSION,-0.0901401805930027,-0.2610209513928522,-1.0120051498595384,293.5510887192441,6.4888998325589835,66.1820462287682,12.12881530918127,37.64699488090651,-122.34720828698656,0.2423660794944113,-0.2032183809799334,-0.0528215819752868,-0.8679115537200524,1,1,1,1,0,-0.07008924055584398,1755087412.6101382
283,ON MISSION,0.0780032858593113,0.154132663309237,0.3631669040953698,297.951267673429,6.482367837593652,99.21834556209092,12.07998483094393,37.64710240920921,-122.34712851711828,-0.2712406681817694,-0.0122165347618516,-0.1886837252029938,1.1687270221707338,1,1,1,1,0,-0.0065319949653313,1755087412.6537879
284,ON MISSION,0.1941103789148585,-0.1213642688384974,-2.231182781956762,298.3729501552516,6.503281956850338,96.3832184338427,12.120041773491936,37.647218772162645,-122.34703291032392,-0.4739441806281353,-0.2239839952527832,-0.6766409983962953,0.4592731045024332,1,1,1,1,0,0.020914119256685737,1755087412.693949
285,ON MISSION,-0.0538498315228861,-0.2236226145472532,0.3553970027149102,297.42428791428665,6.425793341075554,71.06334178498538,12.061962644488183,37.64731573877969,-122.3469182433183,0.9279849707311028,-0.2124972264787671,0.238933831198446,0.8302451102457307,1,1,1,1,0,-0.07748861577478383,1755087412.7355452
286,ON MISSION,0.0824614568316001,0.0151990456727622,2.5082983025167267,300.4971134528238,6.476981457910726,40.76633903591784,12.095346618434752,37.64740511770266,-122.3468205128546,0.0782340862441178,-0.0444760412745859,0.4817194478543355,-0.3342315310633668,1,1,1,1,0,0.05118811683517155,1755087412.775501
287,ON MISSION,0.1082841493541605,0.1115401300876424,-2.9725079640293024,289.3242304614066,6.4710079474389195,98.25836108400996,12.094050511459663,37.647499701325195,-122.34672478243992,0.3184556056398729,-0.1804626579861798,0.5285198483175816,0.1114873274870769,1,1,1,1,0,-0.005973510471806165,1755087412.8178408
288,ON MISSION,-0.0750490027570411,-0.1258238605623516,2.768697225926615,302.4767470317577,6.602716703551466,99.13824957444488,12.05185546372116,37.64758730145823,-122.34661925755329,0.1861627082516005,-0.1714680207279408,-0.5943342582255652,0.2859914934150549,1,1,1,1,0,0.1317087561125465,1755087412.863926
289,ON MISSION,-0.0079509171828396,-0.1600323738695371,0.459851944146474,292.90349710553835,6.57133240691018,78.6333774852152,12.09634744899867,37.64770299562521,-122.34650489384968,-0.9998084697301426,-0.1997468869834146,-0.7265646983072034,1.0101093526079894,1,1,1,1,0,-0.031384296641285836,1755087412.9007108
290,ON MISSION,0.1973819120556977,0.1662439073650436,1.2990034401238475,296.6957469738734,6.490981061680312,50.28547631749262,12.094869436967391,37.64782514261834,-122.34641725173812,-0.8270083148281083,-0.2263925438637717,0.2543478799852108,1.3962608340627405,1,1,1,1,0,-0.08035134522986809,1755087412.939005
291,ON MISSION,-0.0231717515889119,-0.1095052734243735,-2.6783550743489166,297.935747668535,6.5097584184339565,44.033145697468605,12.09052955343351,37.64790696109456,-122.34632061476364,-0.2027422413028226,-0.1029727415532337,0.1061359362533197,1.5009428800548852,1,1,1,1,0,0.018777356753644447,1755087412.979403
292,ON MISSION,0.1249109513240665,0.1100278791088711,1.5623172538234231,294.2189468162876,6.464957365577512,81.38082263690367,12.091983570777805,37.64799351532469,-122.34622390202831,0.9477282257848374,0.0974652930772954,0.6694791367417052,0.1672370444936908,1,1,1,1,0,-0.0448010528564442,1755087413.015616
293,ON MISSION,-0.2581890461822051,-0.0444192907493406,1.5406083011715277,293.14500165681204,6.649070211945786,74.4893530677451,12.064114521108236,37.648111756862,-122.34612381778216,0.0706463773431498,0.1105336727798874,0.5893496548512402,-0.8729844290723169,1,1,1,1,0,0.18411284636827396,1755087413.054583
294,ON MISSION,-0.194668391840245,0.0957440326547335,-2.0956541215867928,294.96959167392845,6.451109129355753,38.200903429667584,12.081214325341229,37.648192133166255,-122.34600587770116,0.8328443878363374,-0.0546364451150135,-0.6896592230562612,-0.836275558551365,1,1,1,1,0,-0.19796108259003287,1755087413.099819
295,ON MISSION,0.1639323133634201,-0.1317199889980356,-2.264432850244447,299.9403817892941,6.546283647979299,68.19640446706576,12.059183211305712,37.64829771872272,-122.34592047675724,-0.1066307051450873,0.1261261832667753,-0.4448299346014015,0.4320304325656589,1,1,1,1,0,0.09517451862354598,1755087413.1426718
296,ON MISSION,-0.0463944052403902,-0.2508956764552814,-1.3651800231428128,302.9499108952972,6.4041496786905086,58.43214962569047,12.072820097169236,37.64838628339041,-122.34580949408836,-0.1894955434995547,-0.2071628701703472,-0.3254730664132439,-0.5979192062533386,1,1,1,1,0,-0.14213396928879085,1755087413.212626
297,ON MISSION,0.2262098733299105,0.0156610844186377,-1.636012447562664,302.82117588851975,-9.807107985434142,40.9622106445593,12.056198421350702,37.64852002614504,-122.34573974760744,0.91855952146749,0.1607020866103052,-0.3395801882131253,7.0,1,1,1,1,1,-16.211257664124652,1755087413.248468
298,ON MISSION,-0.0203732622115503,0.0163105984356353,2.224716269391918,295.0275448086475,6.340311505138754,51.17650189067261,12.066555539343454,37.64860455265649,-122.34562051319864,0.7896093572633878,-0.101576786882344,0.1394518633199423,-0.5273846624240001,1,1,1,1,0,16.147419490572894,1755087413.2908428
299,ON MISSION,-0.2122883437008385,-0.1914933572683179,0.5489600226808187,296.0421142589402,6.243460614558335,85.2399773685974,12.082451697455577,37.64871699599414,-122.34551669635704,-0.5704144666775887,0.1102416200815861,0.0404651839183947,-0.3459637611062245,1,1,1,1,0,-0.09685089058041907,1755087413.333544
300,ON MISSION,-0.1474632017365212,-0.0641597938949856,2.556774664307976,295.3969841767504,6.526283837270545,50.51282483555786,12.092090306266428,37.64878797176454,-122.34541627233632,-0.5050273942530414,0.0608595340348063,-0.2095973622358257,0.9457384059315406,1,1,1,1,0,0.28282322271221005,1755087413.376006
301,ON MISSION,-0.1526746152735072,0.0202969866824062,-3.0866486015265484,302.2490615604824,6.525648308334134,71.73020979210573,12.06538606897357,37.64890251525253,-122.34531735439144,-0.2408289875411112,-0.1579260881362279,0.2051452725809592,-0.8327467537625847,1,1,1,1,0,-0.0006355289364110561,1755087413.418776
302,ON MISSION,-0.0029379417529284,-0.0892757542714389,-2.4371845998911548,289.81289909740724,6.61751804378351,99.42766642659336,12.060605967798091,37.64899358556872,-122.3452180270484,0.446949951193898,-0.143721699973358,0.0793558549304594,-1.0421808894088105,1,1,1,1,0,0.09186973544937604,1755087413.459452
303,ON MISSION,0.0915603541086453,-0.1438338495954856,-0.4087391041045829,306.19169630291117,6.713516628759948,66.18830186855708,12.0529286142977,37.64911457611733,-122.34512343863206,-0.0520972637780354,-0.1213226024981472,-0.0674666031945033,1.4151614975797793,1,1,1,1,0,0.09599858497643865,1755087413.500076
304,ON MISSION,0.1459568916272578,0.1335216823608124,-2.2110553047477532,297.5759756235517,6.453837638295823,92.15522368861316,12.068913864983218,37.64920501590087,-122.34500855854188,1.0091408200766772,-0.0547648250921975,0.4458499099251215,-0.7745757440143939,1,1,1,1,0,-0.259678990464125,1755087413.545711
305,ON MISSION,-1.19,-0.0424302993889622,1.3790249590064092,296.0823756809981,11.915597019267365,-107.0,12.066019221265442,37.64929078210924,-122.34491111101588,-0.6655404600565314,0.0502535721658788,0.2888393001630407,-6.5,1,1,1,1,1,5.461759380971541,1755087413.585943
306,ON MISSION,0.1895790119653486,-0.1339725661714234,-0.0135955595786267,301.6972689795378,6.525645689409934,35.06980277736566,12.07555237277152,37.64941714010451,-122.34482320431448,0.6433793666491593,-0.1851591992529404,0.1831935892399389,0.3802862503722964,1,1,1,1,0,-5.38995132985743,1755087413.6307771
307,ON MISSION,0.0763414566488424,-0.1318537727153478,-0.6129971212350582,305.16309527553176,6.6266891821881275,33.65873110541128,12.025309609896595,37.6495089152414,-122.34472779784308,0.4709288405313064,-0.0661586736684166,-0.6996955226558881,-0.9632664887852822,1,1,1,1,0,0.10104349277819313,1755087413.676512
308,ON MISSION,-0.1001470645662829,0.1226918408978675,2.908108111719058,301.71291628442464,6.416400414600216,79.34113636104577,12.060891672853163,37.649613783030546,-122.34461972858747,-0.381848671275879,0.0957574634266369,0.2060213859011548,0.6707090062685707,1,1,1,1,0,-0.2102887675879117,1755087413.7211032
309,ON MISSION,-0.1589880894072143,0.1014849650289751,2.8632875033076353,305.26372228659307,6.532171696847984,40.01465900619387,12.048509537974793,37.64970900442495,-122.34452191592904,-0.2018341600110764,0.1623026246058363,-0.8261591442265169,-0.7185550220660691,1,1,1,1,0,0.11577128224776789,1755087413.761089
310,ON MISSION,0.0818803164334385,-0.2540884319746204,0.1296624758928926,300.6717940832688,6.567797495754268,51.62448289412062,12.041880891567407,37.64978489268335,-122.3444187762489,-0.1985997401948301,-0.0334528881315311,0.0060877889970164,1.271068374864868,1,1,1,1,0,0.0356257989062847,1755087413.8058612
311,ON MISSION,-0.0385553859632654,-0.2315586848109541,2.2691470296044485,306.1481930285387,6.622417794733598,42.75133493258178,12.032863726371522,37.6498905338128,-122.3443175646642,0.1007766545787801,-0.1888800474331298,0.2708539498644921,1.3165690554683946,1,1,1,1,0,0.054620298979329185,1755087413.8524768
312,ON MISSION,-0.2164323220203838,-0.1509003835206539,2.6434473797305076,306.2258001930935,10.490271032168796,238.0,12.046921964545737,37.65001330353953,-122.34420791745106,5.49,-1.06,-0.1382291455308384,0.1299544373809512,1,1,1,1,1,3.867853237435198,1755087413.898865
313,ON MISSION,0.0416421944929888,-0.1788651935430396,2.411817437101021,299.50260605333966,6.4584482684121065,73.89031540546623,12.040920209742474,37.650094288692245,-122.34413650568212,-0.3803798397179848,-0.1112264441671952,-0.5828863732653315,1.4211798333585042,1,1,1,1,0,-4.031822763756689,1755087413.9380648
314,ON MISSION,-1.19,0.1278459653135147,-2.980263183834834,307.19602943963474,6.517385703703717,87.43853267987075,12.01073845059373,37.65019768233291,-122.34401630022582,-0.8939004344836909,1.04,-0.6572104244390409,-6.5,1,1,1,1,1,0.05893743529161011,1755087413.979077
315,ON MISSION,-0.0454289724244894,0.1547859005889841,0.0110857976989578,300.8236685065675,6.4313498925465735,87.11457701234475,11.996967745508682,37.65030683639833,-122.34390121259,-0.102790910315712,0.0006005592427563,-0.2668650769338662,0.4129458687234077,1,1,1,1,0,-0.0860358111571431,1755087414.021611
316,ON MISSION,-0.0130915330249915,-0.100929133524435,-0.0820261452368836,300.4344661015101,6.527772093772996,36.09038703092309,12.051174260476952,37.65040575379355,-122.34381491277972,0.5534735483515173,-0.2050327195854602,0.2178741178719863,-0.532916953584485,1,1,1,1,0,0.09642220122642264,1755087414.0657332
317,ON MISSION,-0.2299158869551236,-0.0612543060396829,1.8498352470700516,295.39263164776304,6.438606266110175,66.99826940820658,12.015365357495616,37.65050064858164,-122.34371655192577,0.9545636584563332,-0.1386260762534518,-0.6280397028294559,-1.073466299144183,1,1,1,1,0,-0.08916582766282133,1755087414.110811
318,ON MISSION,-0.0733450983500596,-0.1120499612376154,1.6767082301432037,298.55609997106404,6.571122912006604,70.38935171559157,12.03010787935387,37.65060637759243,-122.34361783788634,-1.0129058022827089,0.131608754615756,-0.2058262421712577,-0.8330758138448864,1,1,1,1,0,0.13251664589642953,1755087414.1536489
319,ON MISSION,0.1970826609906089,-0.1948368069477394,1.6467744800737367,303.8879137292179,6.412580396218254,40.18268080059918,12.028358570935506,37.65071203137059,-122.34351435195634,-0.1268724862068942,-0.1493630779521638,-0.5462723212355156,-0.0350511533326818,1,1,1,1,0,-0.15854251578835044,1755087414.1992052
320,ON MISSION,-0.2190072690237609,-0.0755512959920701,-3.05574430505954,293.43676545131797,6.553931827765573,36.06537734548371,12.03651398664769,37.65080688329761,-122.34343196606356,0.0889546110373962,-0.1551380485972673,0.4373602466992155,0.4530772437402808,1,1,1,1,0,0.141351431547319,1755087414.2411132
321,ON MISSION,0.1370754981109782,-0.0081306870661285,-1.15540687797513,303.24812004662635,6.475855151523587,40.70467316149887,12.056349115628404,37.650922946462835,-122.343308869103,-1.0978314572019898,-0.1812376726967702,-0.7208748366390916,0.3150376924155811,1,1,1,1,0,-0.07807667624198622,1755087414.2868211
322,ON MISSION,0.2192520452143968,-0.1218368082409409,1.3091648431639795,301.7430797563473,6.4955479368429465,57.48620676070135,12.030867115511237,37.650998641994285,-122.34321184186058,0.6254435518964009,-0.0999703811172852,0.754516674684263,-0.5459524216866345,1,1,1,1,0,0.019692785319359807,1755087414.334208
323,ON MISSION,-0.1527798869352239,-0.2547045385609647,-0.634456871386767,301.3878070812506,6.303645898819811,41.552189586680704,12.041911752991767,37.65111582085281,-122.3431052680081,-0.967718655313329,0.1570424860975494,0.3541564103693915,0.563503350381658,1,1,1,1,0,-0.19190203802313555,1755087414.379242
324,ON MISSION,-0.0185774473289487,-0.2705967042259271,-0.3831405120468258,288.96753902288015,6.438674041415431,55.613913288185955,11.991520806667817,37.6512108171236,-122.34301691884912,1.0493934054602665,-0.1231909336435627,0.0982143687272864,0.2111308224134065,1,1,1,1,0,0.1350281425956199,1755087414.422637
325,ON MISSION,1.16,0.0554344617829249,1.9891457950001117,299.483785401827,6.513428643645047,238.0,12.04515083089923,37.65128733621934,-122.34291197804002,5.49,0.0735074089385531,-0.0989060329881342,0.368642462074471,1,1,1,1,1,0.07475460222961594,1755087414.465857
326,ON MISSION,-0.1253754768262826,0.0688840944210562,1.3230445806730784,303.24130003845477,6.25181659254986,42.99586724414004,12.023094693949606,37.65140119283507,-122.34282969908725,-0.4523879374215134,-0.159686459545349,0.6180702857712996,0.7978972008126273,1,1,1,1,0,-0.26161205109518715,1755087414.510169
327,ON MISSION,0.1455593168647598,0.0575982561636361,-2.9337201715407004,296.1852252154091,6.575233358673317,74.72699151135195,11.986775748853642,37.65149157412866,-122.34272402995155,0.9586834526676457,-0.1194979842655516,-0.2103480654682683,-0.7907839854054853,1,1,1,1,0,0.32341676612345704,1755087414.5539892
328,ON MISSION,0.2175252072449211,0.0244864384914843,-0.9301896517642791,300.4515334954889,6.384845211890186,43.76272619985932,11.96644459118403,37.651602765051585,-122.34260024621793,0.3989557249465638,0.0351473427098166,-0.0036232713178607,-0.8147101592352971,1,1,1,1,0,-0.19038814678313098,1755087414.599024
329,ON MISSION,-0.1269441154885176,-0.2755291535809587,-0.5937396860617228,288.1096336546589,6.506318205053203,39.16455042233358,11.992832360064384,37.65170223109408,-122.34251792916469,0.2108419778434529,-0.1532960013648933,0.6562242519507183,-0.1958875641229036,1,1,1,1,0,0.1214729931630174,1755087414.643382
330,ON MISSION,0.1505424897829296,-0.0263300481044274,-1.5315808066687502,303.3569651814423,6.475041796342768,41.75881354480033,12.024190317937387,37.6517956642438,-122.34241918039822,-0.2172718888412191,0.0954447760581447,-0.1923307580840286,1.5108789714837678,1,1,1,1,0,-0.031276408710435355,1755087414.687656
331,ON MISSION,0.1557814769300332,0.0338832726222802,0.6262559603344998,296.6878359516213,6.545936465723971,33.780455426159676,12.002181638368471,37.65191142341291,-122.34231619054654,-0.55437292931124,0.0281856671274903,-0.6638131342557917,1.496846307465962,1,1,1,1,0,0.07089466938120292,1755087414.7333062
332,ON MISSION,-0.0413850724830389,-0.1941682490054162,-2.702165440713428,304.3567847378336,6.458057945772279,37.447117997148666,11.99408182502726,37.65200291692279,-122.34223613837108,0.5988859764587546,0.0071206576971697,0.2723778173666553,0.101065001794257,1,1,1,1,0,-0.08787851995169138,1755087414.774272
333,ON MISSION,-0.0505279381963351,-0.1727579593038407,1.639875682472169,290.7860686203389,6.409319597777967,68.98514860999872,11.994351128034111,37.65210588184549,-122.34211581817212,-0.7554600001648651,0.1141747292593237,0.3695666292015085,-0.3810818115612127,1,1,1,1,0,-0.04873834799431265,1755087414.821623
334,ON MISSION,0.0470474301383109,-0.0892977436729735,-2.262124632282579,303.46133694162825,6.620070370216036,97.33083216598747,11.981753710094504,37.65222242288758,-122.34201592777671,-1.1592220075525943,0.0298720338467069,0.2429226055913979,1.118957084108914,1,1,1,1,0,0.21075077243806906,1755087414.8654861
335,ON MISSION,-0.2160151993162654,-0.1565363416116014,-1.4271659521149618,298.8153035617384,-8.743149610321804,-107.0,12.018264360973038,37.65232567772861,-122.3419160606786,-1.014769363892332,-0.181143653910876,-0.0427054391606569,7.0,1,1,1,1,1,-15.36321998053784,1755087414.9081979
336,ON MISSION,0.0279729682087979,0.1301338431572983,2.53999018985332,304.0380189883448,6.475482856447158,34.22800838263441,11.974346875519414,37.65243112882942,-122.3418280330315,0.6486358320134692,-0.2091838362752495,-0.3118727262480221,0.0506723801076423,1,1,1,1,0,15.218632466768963,1755087414.953276
337,ON MISSION,0.1893531419566122,-0.2254430233922154,-0.1194553774077234,295.3714510644395,6.5191609943271205,88.46751053680364,11.95579597806239,37.65251592868023,-122.3417071755564,0.4843401718447124,0.0066847778008943,0.0240067908958152,-0.2558992883604581,1,1,1,1,0,0.04367813787996244,1755087414.994516
338,ON MISSION,-0.1007662864489327,0.0397295698915371,-1.4904613193269065,296.9077148762839,6.543617013034026,57.94471937868287,11.979905064635362,37.6526067373829,-122.34161879503722,-0.7974682064019615,-0.1655735461623907,-0.1520833039755025,-0.3128640519728656,1,1,1,1,0,0.02445601870690517,1755087415.035543
339,ON MISSION,-0.1295185603688913,0.1128764205666183,0.9555530073600482,311.2122567241127,6.381129833626073,89.37693749063335,11.955546237166253,37.65271858656964,-122.3415291300274,-0.2281366212314987,-0.0762293846386375,0.4537236243305337,0.8029271063022263,1,1,1,1,0,-0.162487179407953,1755087415.078447
340,ON MISSION,0.2120332796152448,-0.2428856044207049,2.1889008190245836,295.8502392478139,6.630174713930555,44.78710742625916,11.98999598962202,37.65281610906766,-122.34140802318532,-0.1488383802174102,0.1027302881278869,0.7711309467224889,0.911379143440002,1,1,1,1,0,0.24904488030448224,1755087415.122765
341,ON MISSION,-0.1478474297293032,-0.132105518939775,0.1988973717248188,296.4698639629606,6.481415038446703,48.60628640406101,11.984414739572289,37.65290585092977,-122.3413145957699,0.5230011506590082,0.1403954955542254,-0.709505997899369,1.5252701652942195,1,1,1,1,0,-0.14875967548385205,1755087415.159872
342,ON MISSION,0.0028794139634282,-1.22,-1.9975846647091116,298.61708981417456,-8.369823189934586,238.0,11.963650708135244,37.65301035242672,-122.34123211210164,-0.5798955116314238,-0.0524430153266027,-0.3707727200754913,-0.3426053724210173,1,1,1,1,1,-14.851238228381288,1755087415.2027361
343,ON MISSION,-0.0096224018372417,-0.0630534413467389,-1.286825962294996,294.8872063708982,6.438422163438017,91.20370519576342,11.973968212773418,37.653112487018305,-122.34110654043052,0.0147128610775538,-0.085424201561736,-0.1045547023817895,1.3731026898304952,1,1,1,1,0,14.808245353372602,1755087415.243069
344,ON MISSION,0.1814152271580985,-0.1843209664893735,-0.9200852872686058,305.9522839317515,6.435798794290203,63.13997910060576,11.987427613179293,37.65319997984475,-122.34101447162284,0.2439238243996403,0.0973260382227683,-0.2805314836063689,1.2415405235952148,1,1,1,1,0,-0.0026233691478143584,1755087415.2872498
345,ON MISSION,0.0776519259567981,0.027056496493837,-2.518534639286273,308.62506657102125,6.345426264311229,70.49071789311155,12.004817307261524,37.65329531622191,-122.34089851520142,-0.9715400175153444,-0.22485672850108,0.2816165355337685,-0.6586656808018915,1,1,1,1,0,-0.09037252997897394,1755087415.325425
346,ON MISSION,-0.2383754226552269,-0.2005307309072222,0.0924896715944909,296.4794696670833,6.601099534602493,41.6546398210252,11.94805246381222,37.65341178946777,-122.34081595461798,0.2615156332605599,-0.0703609224036336,0.2080914906781322,0.691928402317227,1,1,1,1,0,0.25567327029126474,1755087415.36791
347,ON MISSION,-0.1980330623290921,0.1087935402000614,-0.6073996774139439,291.36983910493353,6.487942966772759,53.95075146114198,11.989393112044407,37.65350812277645,-122.34070402678556,-0.5517374860782022,-0.204819256944011,0.452957305108815,-0.019853611852386,1,1,1,1,0,-0.11315656782973438,1755087415.40853
348,ON MISSION,-0.1779026014903502,-0.1952147893512882,-3.0542067461996356,305.85988651495376,6.598084836220813,49.120738477835104,11.983692137214302,37.6536080814978,-122.34062164542098,-0.2374867229940225,-0.0893592275834451,0.0429846979918345,0.1055258286377297,1,1,1,1,0,0.1101418694480536,1755087415.4514618
349,ON MISSION,-0.2311226643886207,-0.0824761004357873,1.2552000541187196,305.54195255895866,6.473057962025108,36.330735075278305,11.974154925770955,37.653710544852125,-122.34051874742778,0.2037808592621566,0.1276938483498019,0.3651643078047459,-0.1087711674055709,1,1,1,1,0,-0.12502687419570435,1755087415.494666
